group_id,source_file,prob_class_0,prob_class_1,prob_class_2,prob_class_3,prob_class_4,prob_class_5,prob_class_6,prob_class_7,prob_class_8,predicted_label,top1_probability,top2_label,top2_probability,prob_margin
0,0.csv,0.0011619226278486755,0.2574891446688433,0.006549380324742415,0.0017164655119637703,0.09082585474946407,0.2614651473104131,0.3728112234391431,0.005458312693607085,0.0025225478871776005,6,0.3728112234391431,5,0.2614651473104131,0.11134607612872999
1,1.csv,0.9359539502451948,0.005477727235632504,0.005162585616516604,0.0020171589945864065,0.008656172967892747,0.004066558433772299,0.03148948567170662,0.0030276579052826848,0.004148705471907482,0,0.9359539502451948,6,0.03148948567170662,0.9044644645734882
2,2.csv,0.0007684118180147304,0.03701401423264588,0.007796471522470668,0.0017680710394126589,0.12977966967146043,0.7491561174283545,0.07038532759903296,0.0017516084141781256,0.0015803060757431698,5,0.7491561174283545,4,0.12977966967146043,0.6193764477568942
3,3.csv,0.00075350064519719,0.13159118977081397,0.01862537821750851,0.002957053206216636,0.0485158714519478,0.6427952618539032,0.1210532177278807,0.03159529581928816,0.0021132321534030204,5,0.6427952618539032,1,0.13159118977081397,0.5112040720830893
4,4.csv,0.0007971523087482488,0.19968338937225802,0.01769858685362789,0.003788660282981113,0.3981971299765865,0.15451123006114492,0.21534517762937216,0.005057126718370434,0.004921538708036079,4,0.3981971299765865,6,0.21534517762937216,0.18285195234721435
5,5.csv,0.00011263048915640317,0.0014470046419921955,0.0015185336512939021,0.0001825212390158185,0.9910919305378373,0.003129670935021049,0.0020824605561816254,0.000339772580799194,9.547249811612494e-05,4,0.9910919305378373,5,0.003129670935021049,0.9879622596028163
6,6.csv,0.0001828687413267765,0.00048163673926374334,0.9876262428083094,0.000694299602293128,0.0002358343957105521,0.00046966786249222104,0.0006796445674215713,0.0006392909817301989,0.008990520438475773,2,0.9876262428083094,8,0.008990520438475773,0.9786357223698335
7,7.csv,0.9588156865629585,0.0048970802246784875,0.002283712736469771,0.0007706514785456817,0.007318042818917501,0.007404305932574647,0.006697485149049746,0.0006818395285791738,0.01113119885092566,0,0.9588156865629585,8,0.01113119885092566,0.9476844877120328
8,8.csv,0.990313683726701,0.0010928952571501959,0.000404825686830199,0.0004540271192632874,0.0017268630470795847,0.0009944717104116104,0.0026591819634719446,0.00017265225671598582,0.00218140428182526,0,0.990313683726701,6,0.0026591819634719446,0.9876545017632291
9,9.csv,0.0002183923461495382,0.8136025874902724,0.006413107245891235,0.0009695435983350756,0.013090768847869347,0.13844309638445065,0.021708340028343882,0.005154521322442929,0.00039964382569326624,1,0.8136025874902724,5,0.13844309638445065,0.6751594911058217
10,10.csv,0.015170245399092817,0.1850426435519533,0.06693810194480503,0.03323787527074822,0.024097506872595893,0.016905684935065515,0.6278916233373739,0.01878078437199438,0.011935538232351424,6,0.6278916233373739,1,0.1850426435519533,0.4428489797854206
11,11.csv,0.00014885735112412228,0.00028469446454445514,0.0013954696432918715,0.9941874241165145,0.00038433784647592294,0.0010020216519817508,0.0003315428611726974,0.001993248264532947,0.0002724065305172523,3,0.9941874241165145,7,0.001993248264532947,0.9921941758519816
12,12.csv,0.0013640889180060632,0.0485910104507125,0.060752240727398765,0.005008618379275696,0.026889521440311745,0.007089748445273105,0.7933560016230025,0.0546547680933858,0.002294004549182524,6,0.7933560016230025,2,0.060752240727398765,0.7326037608956038
13,13.csv,5.3046007561997e-05,0.0003796728211566577,0.00028705053692840756,0.9943171704667202,0.0010288424534467327,0.0021619127265336915,0.001332047140190332,0.0001876491504792351,0.00025260918597089433,3,0.9943171704667202,5,0.0021619127265336915,0.9921552577401865
14,14.csv,0.00034343374323032557,0.0006310476130704772,0.9841831250647171,0.00044256739816209443,0.001344864223570518,0.0004644632467004203,0.000697821277272714,0.00018565423536576824,0.011707022759226261,2,0.9841831250647171,8,0.011707022759226261,0.9724761023054908
15,15.csv,0.0003646611268461901,0.00020925638549698641,0.0004352896800682844,0.9976597902386435,0.00013532463338862088,9.6613727378407e-05,0.000384920806158205,0.00024125940103054795,0.00047288491679005443,3,0.9976597902386435,8,0.00047288491679005443,0.9971869053218534
16,16.csv,2.961428517142684e-05,0.0002245899621249747,0.0007095431824211938,0.9955054805947994,0.00025708648956893445,0.0017886569389378632,0.00036960074014080757,0.0010177864697808066,9.764342510568949e-05,3,0.9955054805947994,5,0.0017886569389378632,0.9937168236558616
17,17.csv,0.0011069462394792306,0.14437641362613618,0.009645462219352242,0.0031273050715658504,0.036553098632085834,0.5661875779062985,0.22985068511004483,0.005532670583503891,0.0036198400495356816,5,0.5661875779062985,6,0.22985068511004483,0.3363368927962537
18,18.csv,0.0003574552201882074,0.0003493814672198494,0.0012852683091415125,0.9934758581829141,0.0013869467575974498,0.00016751830318721805,0.0006651861490467106,0.00020409421845622705,0.0021082937174610873,3,0.9934758581829141,8,0.0021082937174610873,0.9913675644654529
19,19.csv,3.795385335380919e-05,0.00035593060803670374,0.00026960289028280833,0.9953261960506214,0.0009312648784173212,0.0017819682023580952,0.0009074434901771454,0.00017411189155708718,0.0002155335413178913,3,0.9953261960506214,5,0.0017819682023580952,0.9935442278482634
20,20.csv,0.0009325910491325245,0.0022408410157026626,0.0016181595511172598,0.9861827781374576,0.0014108801011616249,0.0002087753243195508,0.001634355151322712,0.00018467005135624514,0.005586949984640661,3,0.9861827781374576,8,0.005586949984640661,0.9805958281528169
21,21.csv,0.00026698960381217797,0.00048173743437189326,0.0006332912746870125,0.9949593905478733,0.0013368279060683849,0.00016248659601893355,0.0006392308348324003,0.000169947539775351,0.0013500952714887134,3,0.9949593905478733,8,0.0013500952714887134,0.9936092952763846
22,22.csv,0.00012641205319610557,6.946103868488643e-05,0.9983596110950718,0.0009285099891384344,5.2742138764385064e-05,5.9043292986353864e-05,4.4848979123924545e-05,0.0002263495215515959,0.0001330210428294274,2,0.9983596110950718,3,0.0009285099891384344,0.9974311011059334
23,23.csv,0.00028880911463361305,0.06857710761436575,0.32939799593106756,0.008667008445444645,0.04847600861793308,0.19399157923937893,0.00666664425888274,0.34353074069730816,0.00040410380720591274,7,0.34353074069730816,2,0.32939799593106756,0.014132744766240601
24,24.csv,0.027413896669970128,0.046479614946367834,0.6457609027975594,0.009028158993174218,0.05592760145808674,0.0036650314068992075,0.19829957857063293,0.0021434027571972506,0.01128181397083202,2,0.6457609027975594,6,0.19829957857063293,0.4474613242269264
25,25.csv,1.969280729360474e-05,0.001792016741072738,0.00043696049789549037,0.9936275637367263,0.0003224616809206198,0.001678312090218819,0.00028420812427038195,0.001791426395240752,4.73580011574039e-05,3,0.9936275637367263,1,0.001792016741072738,0.9918355469956536
26,26.csv,0.0006330054217856747,0.0009180690547942538,0.0009000784486464734,0.0003636655889682428,0.0013629183387074756,0.9902999735852119,0.0025164703383598356,0.0006837040265662788,0.0023221155692908974,5,0.9902999735852119,6,0.0025164703383598356,0.987783503246852
27,27.csv,0.0013783224859651273,0.0035478225205655724,0.0035584844106294738,0.0013910959227369452,0.0034960223308917364,0.004770446505137544,0.007318946044655929,0.0009971127164519868,0.9735417446262736,8,0.9735417446262736,6,0.007318946044655929,0.9662227985816177
28,28.csv,0.005861828078390256,0.00368746032758378,0.0036878919197345815,0.0002545865295643432,0.004942132747513671,0.005041152847598696,0.0081503774765063,0.0002732446558181797,0.9681013213135816,8,0.9681013213135816,6,0.0081503774765063,0.9599509438370754
29,29.csv,0.014270632541404264,0.04429253083049984,0.5224795280122384,0.0037610974813719893,0.0510599260874485,0.006522542699690086,0.3505089717861115,0.003522694928457032,0.0035820733798988392,2,0.5224795280122384,6,0.3505089717861115,0.1719705562261269
30,30.csv,0.00036904700813418886,0.0012501987354245465,0.0016180183104154886,0.0005489579970440462,0.0008334378073833579,0.9834467612677635,0.0014595718711841808,0.008971938127864575,0.0015020693286569582,5,0.9834467612677635,7,0.008971938127864575,0.974474823139899
31,31.csv,0.00010278968622855951,0.002519557948246044,0.0006854678630136364,0.00013834339627966067,0.0009856348441228732,0.9900791933055432,0.003701826503946544,0.0006445151109470074,0.0011426718102091513,5,0.9900791933055432,6,0.003701826503946544,0.9863773668015966
32,32.csv,0.002862200725320226,0.08995324102754537,0.08721197660417514,0.0033949981295364035,0.15768830870635273,0.0038600494781985887,0.6506086178708926,0.0021879238536030416,0.0022326911312525416,6,0.6506086178708926,4,0.15768830870635273,0.4929203091645399
33,33.csv,0.0002984940929978315,0.001168636349673384,0.001002055009251627,0.0001515596272064595,0.0009755059786279082,0.990364864984024,0.0022116613352262315,0.0008548997938491615,0.0029723241808647712,5,0.990364864984024,8,0.0029723241808647712,0.9873925408031592
34,34.csv,0.0023536903740071073,0.005856943272626613,0.004583770345178359,0.0024239376044685166,0.0025490345398088915,0.01013474120644507,0.010935211138887556,0.0010694564008141673,0.9600932185286686,8,0.9600932185286686,6,0.010935211138887556,0.9491580073897811
35,35.csv,0.0011197240125129188,0.1978671900193572,0.005238991153403258,0.0027772021857524155,0.3706076289534131,0.12915443978059152,0.28620043783884086,0.0032387483905102535,0.003795634284873708,4,0.3706076289534131,6,0.28620043783884086,0.08440719111457223
36,36.csv,0.004561040479458631,0.0024863343626141078,0.0030921406325342873,0.0013882148371352884,0.9729864626088649,0.001041530042993168,0.011658596702275894,0.0011938806511587407,0.0015917972220049427,4,0.9729864626088649,6,0.011658596702275894,0.961327865906589
37,37.csv,3.702472133043154e-05,0.0006220038248113171,0.0011452376192233782,8.888179821611673e-05,0.9940760337085253,0.0029147968131064436,0.0008174527685247201,0.00024082671567947426,5.775510754049507e-05,4,0.9940760337085253,5,0.0029147968131064436,0.9911612368954188
38,38.csv,6.962941678144561e-05,0.0012040441971327045,0.00029928069376739463,0.00016134736802434182,0.9933838769433692,0.0024882999455211924,0.0019818995987200983,0.00031180701453368875,9.980917403109525e-05,4,0.9933838769433692,5,0.0024882999455211924,0.9908955769978479
39,39.csv,0.007911270481359358,0.4591221089500582,0.05267409838021232,0.004242074773638812,0.07562715524241301,0.10568115967048176,0.2777841090073884,0.01361322225376578,0.0033448022294089797,1,0.4591221089500582,6,0.2777841090073884,0.1813379999426698
40,40.csv,0.00017587165724664228,0.0015838440336019815,0.0038204362463318785,0.00017673199139307737,0.9885447045728852,0.0037183857899007904,0.0013090121540159582,0.0005585935248480594,0.00011241176580591143,4,0.9885447045728852,2,0.0038204362463318785,0.9847242683265534
41,41.csv,9.819579252407334e-05,5.2356100758725444e-05,0.9973927631478514,0.0019105277407246272,4.401523773652066e-05,7.729863898334122e-05,3.834510297666599e-05,0.00027271640767807624,0.00011378277150459518,2,0.9973927631478514,3,0.0019105277407246272,0.9954822354071268
42,42.csv,0.0006125766159610265,0.22480121041573956,0.008514905576873174,0.004447980423311701,0.12263134391633315,0.5413267368233595,0.09241963478115929,0.003520510611453133,0.0017251013019512304,5,0.5413267368233595,1,0.22480121041573956,0.31652552640762
43,43.csv,0.0001944686860504041,0.02569914460701859,0.13878579582903836,0.004264990957542138,0.00950009179356513,0.09681897919499702,0.008072115974222633,0.7164899162292309,0.00017449672079291147,7,0.7164899162292309,2,0.13878579582903836,0.5777041204001925
44,44.csv,0.00010852957282937712,7.543593488985031e-05,0.9993457475268028,0.00012678222581851607,3.579973793282279e-05,2.987394118436126e-05,4.356904826302714e-05,8.88945478375213e-05,0.00014537830935543964,2,0.9993457475268028,8,0.00014537830935543964,0.9992003692174474
45,45.csv,0.0010600454670936948,0.5914732048520821,0.008012452395997353,0.004183659251050647,0.025841110819441918,0.15045865502728178,0.2097197077174483,0.0070061461128348825,0.0022450123042240936,1,0.5914732048520821,6,0.2097197077174483,0.3817534971346338
46,46.csv,0.00010672800846909218,0.0008135106746173784,0.0006920783394863724,0.00018466067393252628,0.0008160237797443416,0.9907293127973763,0.00543223731274774,0.0004881469301352025,0.0007373079814603633,5,0.9907293127973763,6,0.00543223731274774,0.9852970754846285
47,47.csv,0.0007613151777014802,0.082087166245731,0.010960417391729977,0.002273401535601745,0.31383446199810017,0.24044846681626972,0.3454901889781561,0.002909298942168723,0.001235281334135346,6,0.3454901889781561,4,0.31383446199810017,0.03165572698005592
48,48.csv,0.0014254395216794652,0.0990327700276128,0.004733218119348545,0.0064629802531657446,0.29839918224948514,0.147619432399382,0.4349790610009392,0.005255904775417563,0.002092015585250523,6,0.4349790610009392,4,0.29839918224948514,0.13657987875145405
49,49.csv,0.003174948920085835,0.06007391651166857,0.33305075930515293,0.0032578728316662534,0.07992877938445837,0.003460643196517513,0.5127252018677297,0.0023960444554456915,0.0019318269720947163,6,0.5127252018677297,2,0.33305075930515293,0.1796744425625768
50,50.csv,0.0005993883440302448,0.0009140353608331613,0.0010512360684219173,0.0003304855418974041,0.0014568861635965405,0.9896707079565276,0.0024825962547394306,0.0007410137471290562,0.002753644090750282,5,0.9896707079565276,8,0.002753644090750282,0.9869170638657773
51,51.csv,8.982157592080176e-05,0.00560206865713243,0.13080869858630514,0.002674940995095302,0.0022881821231035392,0.013140563281532031,0.0011673217297743477,0.844118637311724,0.00010976202709513906,7,0.844118637311724,2,0.13080869858630514,0.7133099387254188
52,52.csv,5.1437488194031224e-05,0.00041259185905893105,0.00032235107619795644,0.9947455200920676,0.0010700064280944623,0.0017751848993596863,0.0011841194411885056,0.00016129392374155592,0.0002775023307582686,3,0.9947455200920676,5,0.0017751848993596863,0.9929703351927079
53,53.csv,0.0002790189319998606,0.7921539837541431,0.008531963129367048,0.002867107214109966,0.013888776785604224,0.1368420682193214,0.030740983283422958,0.014441041561896146,0.0002550555480012239,1,0.7921539837541431,5,0.1368420682193214,0.6553119155348217
54,54.csv,0.9949803389898147,0.000601136616359903,0.00035231998638397225,0.00018162112322167985,0.0006879288093980769,0.0006420252176711632,0.0013868123925135322,0.00014465243318010832,0.0010231646571680982,0,0.9949803389898147,6,0.0013868123925135322,0.9935935265973013
55,55.csv,0.010545494307740438,0.02649346710886704,0.005681421814175122,0.8965136723271474,0.016894789784988228,0.004704557121658085,0.028966495915130477,0.0010367324063802956,0.009163369753512854,3,0.8965136723271474,6,0.028966495915130477,0.867547176412017
56,56.csv,0.0007260779155262615,0.25635175068713595,0.0067211601730171495,0.0017280553450902474,0.4021452100843984,0.17375173750384978,0.15323847104666993,0.0036715993621863393,0.0016659350283452046,4,0.4021452100843984,1,0.25635175068713595,0.14579345939726246
57,57.csv,6.0218787939974645e-05,0.0004924424802903057,0.00016186223766073335,0.9964418028559008,0.00043103091761224546,0.0011662504087108785,0.001004582154634804,8.527006740208653e-05,0.00015654544908421945,3,0.9964418028559008,5,0.0011662504087108785,0.9952755524471899
58,58.csv,0.00014841858943313478,0.0009901278108143795,0.9904897801085928,8.988348465678891e-05,0.0008709356231443747,0.0009246465733758064,0.0017524194606998952,5.964884591870391e-05,0.004674141322124726,2,0.9904897801085928,8,0.004674141322124726,0.985815638786468
59,59.csv,0.001124787277436675,0.020870994709942345,0.004918883941417736,0.010951679253466559,0.9327857240285737,0.002224952994483379,0.004797963371041879,0.015271598673997428,0.007053416940707485,4,0.9327857240285737,1,0.020870994709942345,0.9119147293186314
60,60.csv,0.00619837416602854,0.9401562225915716,0.004474108545692259,0.0023343691980649236,0.01646196835529219,0.0023746613915261415,0.024350050860040332,0.0013578934582142979,0.002292349258443809,1,0.9401562225915716,6,0.024350050860040332,0.9158061717315312
61,61.csv,0.895361748877878,0.008667536277082031,0.008598089825687617,0.01601047497852387,0.00849065223797483,0.00548591992413227,0.0020268162615407455,0.05326004178151837,0.002098720998066991,0,0.895361748877878,7,0.05326004178151837,0.8421017070963597
62,62.csv,0.018949881075865573,0.18821912199723007,0.06947308839385166,0.0050691020941616444,0.386642545878224,0.08519062987933107,0.19584188782584405,0.004904998599206546,0.04570873968439749,4,0.386642545878224,6,0.19584188782584405,0.19080065805237995
63,63.csv,0.0005505255495072687,0.0004112617812886158,0.9833718962546831,0.000965860999840559,0.0009661235492778701,0.0005158228465378605,0.000986650213895819,0.00021060949374918515,0.012021250601833868,2,0.9833718962546831,8,0.012021250601833868,0.9713506456528492
64,64.csv,0.0002507197852068826,0.005563586707778553,0.0017716836141008394,0.9851509974875756,0.0022629441528990886,0.00032387096499424383,0.0022277362967856977,0.0016385209393700198,0.000809950321994908,3,0.9851509974875756,1,0.005563586707778553,0.979587410779797
65,65.csv,0.0017690934652415864,0.2087732511075729,0.01095348368106493,0.07289606729692673,0.06623479462343881,0.27030989118131443,0.35977258798457595,0.006603392230892221,0.002687442170271406,6,0.35977258798457595,5,0.27030989118131443,0.08946269680326152
66,66.csv,7.548505379954132e-05,0.009793899885482868,0.37667990051589806,0.0015813647824177426,0.003321815386210236,0.026683037466249525,0.003063596276770045,0.5786912526575814,0.00010964599290634716,7,0.5786912526575814,2,0.37667990051589806,0.2020113521416833
67,67.csv,0.019862203980990503,0.002654907915493109,0.00541383017115393,0.0007622684671717172,0.00477761959821549,0.003129324425433621,0.004295285115472085,0.0006953525622837552,0.9584092085862701,8,0.9584092085862701,0,0.019862203980990503,0.9385470046052796
68,68.csv,0.0009467511861607153,0.00027513882211026834,0.9929357570058961,0.0018966474136141124,0.0002710722801214173,0.00012740684352403054,0.00045838548200649446,5.5612286789141286e-05,0.00303322733584903,2,0.9929357570058961,8,0.00303322733584903,0.9899025296700471
69,69.csv,0.00309126062778275,0.06551588185556764,0.27661256737778184,0.002876202225965039,0.12969652702088486,0.003400525065368337,0.5143258034619759,0.002424735332740999,0.0020564973370170575,6,0.5143258034619759,2,0.27661256737778184,0.23771323608419404
70,70.csv,0.0008367415152811807,0.0016649935973169158,0.0015102400178681925,0.988597117715974,0.0010465491499966608,0.0001918437395059088,0.0012177163096622119,0.0002070856227159316,0.004727716908847017,3,0.988597117715974,8,0.004727716908847017,0.983869400807127
71,71.csv,0.00040972978290665683,0.035363345191503415,0.4790043685656864,0.009824463072314533,0.037203095326422825,0.15765232038809185,0.004521248289527043,0.27565546055217727,0.00036596428728916314,2,0.4790043685656864,7,0.27565546055217727,0.20334890801350913
72,72.csv,0.00027089987512635914,0.0006605026543553259,0.0008560406882604551,0.0002323017863049456,0.0010807647867001845,0.9914011345718989,0.002421341750391594,0.0009052787509644935,0.002171736176921298,5,0.9914011345718989,6,0.002421341750391594,0.9889797928215074
73,73.csv,0.0011318973329129227,0.08683160761411883,0.008252070097833741,0.000941717775497182,0.01421074612624071,0.7768095417698162,0.10766243912865148,0.0021880902306813644,0.001971893165732051,5,0.7768095417698162,6,0.10766243912865148,0.6691471026411647
74,74.csv,0.0007944910523202841,0.1940259461347931,0.020274125431942406,0.004483762783836478,0.3835041486326932,0.15436202449810532,0.23254560750762152,0.005178650623486579,0.004831242337715855,4,0.3835041486326932,6,0.23254560750762152,0.1509585411250717
75,75.csv,0.0001535808125689502,0.9184936199143607,0.001257032217759519,0.0004494996108532167,0.010333720749935202,0.039094333756072894,0.029367531527398297,0.00032474825531995016,0.000525935917548597,1,0.9184936199143607,5,0.039094333756072894,0.8793992861582879
76,76.csv,7.532558278110957e-05,0.0009233391450667949,0.0007615378955525088,7.951256309822147e-05,0.9966546759127639,8.562074796226428e-05,0.0012294039651351328,6.673167092944439e-05,0.00012385237361464387,4,0.9966546759127639,6,0.0012294039651351328,0.9954252719476288
77,77.csv,0.0011314697530651614,0.20524748546961583,0.005417294564781417,0.0031007099971019332,0.36104643383371426,0.1312211369398561,0.28531549705335835,0.003331902385924993,0.004188068692227114,4,0.36104643383371426,6,0.28531549705335835,0.07573093678035592
78,78.csv,0.00014679630770091448,0.0014448409475572833,0.005509122246025427,0.000272280469999159,0.986863912036495,0.003332217157031433,0.0012881612189300131,0.001058613492324546,8.405461532361089e-05,4,0.986863912036495,2,0.005509122246025427,0.9813547897904696
79,79.csv,0.00022898257115422211,0.5061205087703031,0.006277921249598547,0.20690618433242736,0.012102119769014406,0.18037418678605982,0.06308120600897213,0.02429435235200281,0.0006145385932787941,1,0.5061205087703031,3,0.20690618433242736,0.29921432443787577
80,80.csv,0.044263383086650836,0.07406261765395335,0.07833755797413303,0.005786001854615122,0.1684463451776506,0.010695830198538526,0.6044218365708085,0.005895776539372483,0.008090654798462693,6,0.6044218365708085,4,0.1684463451776506,0.4359754913931579
81,81.csv,0.00023547573141991757,0.00013030358154801777,0.997987896195356,0.0009515345223422147,6.261721114297448e-05,7.006460949020415e-05,0.00010424357121942716,0.0002813439081552342,0.0001765223447702291,2,0.997987896195356,3,0.0009515345223422147,0.9970363616730138
82,82.csv,8.59463521978881e-05,0.0010863381111965466,0.0007548804033695949,0.00020420196125577663,0.9926598066592061,0.002282155239671554,0.002483273752909236,0.0003693383515539472,7.405436211429071e-05,4,0.9926598066592061,6,0.002483273752909236,0.9901765329062968
83,83.csv,5.691904631083481e-05,0.000694328252930023,0.0006402199927113314,7.358282499927503e-05,0.9974225276376465,4.89350117758199e-05,0.0008569362508040707,5.4236430281702e-05,0.00015230784164566805,4,0.9974225276376465,6,0.0008569362508040707,0.9965655913868424
84,84.csv,4.163459560773302e-05,0.000536667696676122,0.0002599958258019242,0.9938387180599344,0.0011946257089832514,0.002238015192144798,0.0014502779624899988,0.0003319904467190226,0.00010807427794077849,3,0.9938387180599344,5,0.002238015192144798,0.9916007028677896
85,85.csv,3.0332957004949618e-05,0.0006507314381205425,0.00014762146974886816,0.00016225991487082362,0.9964984142403773,0.001278223878290283,0.0010330486013393745,8.692182417946948e-05,0.00011245114835004294,4,0.9964984142403773,5,0.001278223878290283,0.9952201903620871
86,86.csv,0.000807741930332778,0.12437451305937432,0.00712586339819049,0.002361810961944458,0.3287539036708483,0.21371012933413158,0.3188083900927254,0.0022733530298751654,0.0017842934577013178,4,0.3287539036708483,6,0.3188083900927254,0.0099455135781229
87,87.csv,0.0014221087481934881,0.13876597485904182,0.17267782468768755,0.0027324584956697367,0.06479910103615702,0.004513945352203924,0.609653614431852,0.003018738548997364,0.002416238633478029,6,0.609653614431852,2,0.17267782468768755,0.4369757897441644
88,88.csv,0.000762974734515989,0.9098095320094202,0.011731294241308525,0.0006784219566888367,0.022348262110350795,0.0021123146176657732,0.05039437492145816,0.000852229765647659,0.0013105980101465917,1,0.9098095320094202,6,0.05039437492145816,0.859415157087962
89,89.csv,0.0005331585871751707,0.001900303182272856,0.9884800997900254,0.0011003566736551512,0.0009867723516040418,0.0022628253449231577,0.0030117096855913203,0.0004923625175976614,0.0012324121119495202,2,0.9884800997900254,6,0.0030117096855913203,0.9854683901044341
90,90.csv,0.0006559818456852103,0.0011310770532640246,0.0011638616947508864,0.9917503023422114,0.0006440662422359215,0.00015652277200539115,0.0009128932717533249,0.0002441815240205175,0.003341109854754968,3,0.9917503023422114,8,0.003341109854754968,0.9884091924874564
91,91.csv,0.992970036537117,0.0006193220937912498,0.00040765191594462275,0.00039604215785274334,0.0005181781925061918,0.0018698719508441256,0.0013558340658674191,0.0003853347816681995,0.0014777254836846943,0,0.992970036537117,5,0.0018698719508441256,0.9911001645862729
92,92.csv,0.002303096552436807,0.8045034829837732,0.021877186608364227,0.001959152234295505,0.027245514455694033,0.003256202377472584,0.13552088947559823,0.0019580274407059485,0.0013764473060124663,1,0.8045034829837732,6,0.13552088947559823,0.6689825935081749
93,93.csv,4.765801347931669e-05,0.0005028680722034373,0.0026545698464787238,0.00031665964732585324,0.9923778308512199,0.002761386645284388,0.0005171892016598921,0.0007846809965433029,3.715877809656475e-05,4,0.9923778308512199,5,0.002761386645284388,0.9896164442059355
94,94.csv,0.00016581096282544422,0.9837427400147332,0.0025967699851701443,0.0002654680198691887,0.004179551961508929,0.00024233149693863375,0.008415270721045151,0.00017163722078058832,0.0002204323963880657,1,0.9837427400147332,6,0.008415270721045151,0.975327469293688
95,95.csv,0.0003554526370886111,0.08014147602655751,0.1193505009746626,0.006197154613707486,0.035411691929692395,0.27585694667352106,0.01582750769343725,0.466091478961159,0.0007678022677972087,7,0.466091478961159,5,0.27585694667352106,0.19023453228763793
96,96.csv,6.467666306194904e-05,0.0012518515217965851,0.00015318578732159265,0.00015531559872963675,0.9940845065153665,0.002481251172450326,0.001621261252710221,8.01519176164965e-05,0.00010779964113929884,4,0.9940845065153665,5,0.002481251172450326,0.9916032553429162
97,97.csv,9.08378920480891e-05,0.0012376995998001324,0.0007608138956616091,0.00019367285182030216,0.9928074600542734,0.0024328024191609247,0.001962229785563291,0.000422037025546396,9.244754402013088e-05,4,0.9928074600542734,5,0.0024328024191609247,0.9903746576351126
98,98.csv,5.496814861928539e-05,0.0007402291176283228,0.0005975961511609177,6.528721617860223e-05,0.9974856767521898,4.4140867072180745e-05,0.0008005246840891985,4.944129932238605e-05,0.0001621365111155186,4,0.9974856767521898,6,0.0008005246840891985,0.9966851520681006
99,99.csv,0.0007797051830070347,0.003308175301111026,0.979150421901452,0.0012125649056180627,0.003914501757759587,0.0027486017292567,0.00479083125386076,0.000408524142356448,0.0036866769518959577,2,0.979150421901452,6,0.00479083125386076,0.9743595906475913
100,100.csv,0.0002547447624465348,0.0013316524744596237,0.0019937678959583453,0.0002093766437129925,0.9930630249168787,0.0013449944845347716,0.0012891320582535948,0.00034282572222802424,0.00017048218184972371,4,0.9930630249168787,2,0.0019937678959583453,0.9910692570209203
101,101.csv,0.0008394475493590111,0.1775017763630373,0.01558365276584964,0.0025933983610112793,0.4049501256813563,0.1764691450598377,0.21352317257244557,0.0036681357349217293,0.004871142470614355,4,0.4049501256813563,6,0.21352317257244557,0.19142695310891072
102,102.csv,5.576027470469094e-05,0.0005462941100775766,0.9969676752666534,0.00025704264391738623,0.00019518863916882575,0.00037099572191655274,0.0007278240981897472,0.0003820566853530868,0.0004971631135088263,2,0.9969676752666534,6,0.0007278240981897472,0.9962398511684637
103,103.csv,7.345978319190425e-05,0.0009116799002772794,0.005167453296267822,0.00014281980533097796,0.9879509149032385,0.0041705702355753615,0.0008844083747701597,0.0006271574883098286,7.153491533424511e-05,4,0.9879509149032385,2,0.005167453296267822,0.9827834616069707
104,104.csv,9.549731034500418e-05,0.01134560805350009,0.16237474603340663,0.0031849923477788953,0.0280565798524674,0.03725700368930689,0.0021461403751564965,0.7553508931555653,0.0001885358337211333,7,0.7553508931555653,2,0.16237474603340663,0.5929761471221586
105,105.csv,4.565069134966065e-05,0.0003624244512533385,0.0002034074271963301,0.9966994409768228,0.00029878684642313145,0.001005114926432315,0.0008553974124955526,0.0003955894224496984,0.00013419020116247957,3,0.9966994409768228,5,0.001005114926432315,0.9956943260503905
106,106.csv,0.0009912786480481663,0.00999619791841345,0.3406038953584705,0.0034208562777547752,0.01610658392863702,0.01500337277803422,0.006341935782202527,0.6071245709844997,0.00041130742632459935,7,0.6071245709844997,2,0.3406038953584705,0.26652067562602916
107,107.csv,0.001140996692146498,0.36723887356219365,0.0046835218796923645,0.005922689809547258,0.09239853278919737,0.249243096708813,0.2757872438391912,0.0023915727719508837,0.0011934715190790664,1,0.36723887356219365,6,0.2757872438391912,0.09145162972300247
108,108.csv,8.258591087012729e-05,0.010337254284593927,0.1133276422449305,0.004876825503972606,0.014292006514681226,0.030565407457601036,0.0027003864038136387,0.823721128417733,9.676603979996096e-05,7,0.823721128417733,2,0.1133276422449305,0.7103934861728025
109,109.csv,0.0010189505776870642,0.0034277491235661962,0.9801766158845016,0.0006899074362353102,0.0034161136953973588,0.0038325487743443008,0.0047802176891902125,0.0006421729263654326,0.002015723534891337,2,0.9801766158845016,6,0.0047802176891902125,0.9753963981953113
110,110.csv,0.0006262342181724795,0.000638037684713375,0.0007026556137009828,0.00010758782921759125,0.9956806897539734,0.0008978518649012407,0.000773200925809433,0.00018655196302626916,0.0003871870859355974,4,0.9956806897539734,5,0.0008978518649012407,0.9947828378890722
111,111.csv,0.0012355234117228866,0.10831494975074507,0.1210244960449613,0.002519686762172055,0.09976721100691013,0.004102722864600723,0.6581761387579809,0.002802935657514927,0.0020563352509750227,6,0.6581761387579809,2,0.1210244960449613,0.5371516427130196
112,112.csv,0.0012141404367730826,0.3120243214744942,0.006453455315866718,0.0046991667061489825,0.052166016594011204,0.21824231765419796,0.3969947673712177,0.005046783925997357,0.003159024873337377,6,0.3969947673712177,1,0.3120243214744942,0.08497044589672348
113,113.csv,0.0005233084076970329,0.6756212528749787,0.009565841720923904,0.002047060987109763,0.09503701072319945,0.08198614850920602,0.13010841811981783,0.002424170691128341,0.0026867869862139612,1,0.6756212528749787,6,0.13010841811981783,0.5455128347551608
114,114.csv,0.0005804796792082062,0.05504183434146187,0.08869822465891897,0.01574071689460485,0.03562453924160015,0.3221568070835978,0.03446483961817386,0.4470352672741882,0.0006573002089679685,7,0.4470352672741882,5,0.3221568070835978,0.1248784601905904
115,115.csv,0.0009642756480308021,0.01783358461278331,0.0026022611395013807,0.007919038329268624,0.9538648202122675,0.0019782745928667864,0.0049655872875323465,0.003700112847459453,0.006172039195725811,4,0.9538648202122675,1,0.01783358461278331,0.9360312355994842
116,116.csv,0.00019919021588721373,0.031031998992265573,0.3356743525099488,0.005172055654010254,0.014033248119127489,0.14056406487325784,0.007136711725673435,0.46599957269738435,0.00018880551339342996,7,0.46599957269738435,2,0.3356743525099488,0.13032522018743553
117,117.csv,0.0014999705703945016,0.006330259161517371,0.02275511276167142,0.9076636750153954,0.017840750653529264,0.001013849478918315,0.04012530142104859,0.0010413172556258349,0.0017297676819363179,3,0.9076636750153954,6,0.04012530142104859,0.8675383735943467
118,118.csv,0.00045537972829096096,0.0032219738715922284,0.021850565912466924,0.9491157470273714,0.005594374117813713,0.0009458961720076971,0.009226949382736055,0.009031872661576418,0.0005572426158035251,3,0.9491157470273714,2,0.021850565912466924,0.9272651811149045
119,119.csv,0.0010510048616278707,0.8907299748951363,0.015207130238076308,0.001563720261914683,0.02197397484362592,0.002239555424472461,0.06387478960987544,0.001156785178656408,0.0022030655165951843,1,0.8907299748951363,6,0.06387478960987544,0.8268551852852608
120,120.csv,0.00108724588898144,0.002825560187008242,0.0023836993497706356,0.00039332774850427094,0.003884999355730245,0.0033101625339181087,0.004087007049378323,0.000434028346194919,0.9815939724918152,8,0.9815939724918152,6,0.004087007049378323,0.9775069654424369
121,121.csv,0.0002889985300348509,0.002129650649522907,0.003701448873739543,0.00042103280811278226,0.9796610341621057,0.00039133898238531017,0.012758759119583218,0.0003114756115386451,0.00033626150612908225,4,0.9796610341621057,6,0.012758759119583218,0.9669022750425225
122,122.csv,0.0010806583588255866,0.4122853519754066,0.004521099098647392,0.008720284314451236,0.09621697512282486,0.16457116271800237,0.30842367350082744,0.002714499304725363,0.0014662993471015369,1,0.4122853519754066,6,0.30842367350082744,0.10386167847457917
123,123.csv,0.0032518224916010135,0.00307483357301804,0.0018710273372398425,0.0002847214846191094,0.0019210927869589465,0.002395079592025983,0.0031377056566423227,0.00020078060699651112,0.9838629405307766,8,0.9838629405307766,0,0.0032518224916010135,0.9806111180391756
124,124.csv,0.00025287199131972124,0.06830102379425189,0.23914845685569736,0.010418746228591982,0.05463529009133318,0.20528529137607,0.005890291552012138,0.4156778046038148,0.00039022351810019467,7,0.4156778046038148,2,0.23914845685569736,0.17652934774811746
125,125.csv,0.0012494646039998298,0.2583856305694591,0.0047269240878181325,0.007947734254400663,0.13472568867266432,0.2095916051638562,0.3789478624623342,0.0025871360467027336,0.001837952241110164,6,0.3789478624623342,1,0.2583856305694591,0.12056223189287507
126,126.csv,4.830609874478768e-05,0.0004025307376471743,0.00023295056699680248,0.9970804314925393,0.0002529948436212852,0.0007934740044642843,0.0008100514745930055,0.0002835670907021255,9.568945553424242e-05,3,0.9970804314925393,6,0.0008100514745930055,0.9962703800179463
127,127.csv,0.9712107292796537,0.00843770093052123,0.002678360588160887,0.002016700234900233,0.0033276556789951436,0.003876162633097012,0.0018398606175206533,0.004256050835672945,0.0023567828770283124,0,0.9712107292796537,1,0.00843770093052123,0.9627730283491325
128,128.csv,0.0014081908087997972,0.08449755921701962,0.0054512535424463306,0.006477317677009152,0.07210887049569602,0.5587979170445195,0.2675672854892392,0.0018548787687954875,0.0018367259392680383,5,0.5587979170445195,6,0.2675672854892392,0.29123063155528034
129,129.csv,0.0006196570359057301,0.0007350259763087711,0.0010980303124004537,0.9915980005018902,0.0013795270411897961,0.0013794619460709805,0.0017307917303620928,0.00041986707716679084,0.0010396426702481544,3,0.9915980005018902,6,0.0017307917303620928,0.9898672087715281
130,130.csv,9.581592725235415e-05,0.013571069412110962,0.5322720707350612,0.0015208690111141268,0.012219739422636235,0.035168143419000514,0.0026439136927562446,0.4023379647883158,0.00017040943625378,2,0.5322720707350612,7,0.4023379647883158,0.12993410594674543
131,131.csv,0.00037510006351572383,0.10211770411876864,0.0734267021817566,0.015567416913808904,0.04866146879719735,0.19878410689484277,0.014281481291901838,0.5462570195403116,0.000529000725833736,7,0.5462570195403116,5,0.19878410689484277,0.3474729126454688
132,132.csv,4.62125131025446e-05,0.00038526947573620617,0.00029786404536268475,0.9951584686717544,0.0009673449579694858,0.0016685628920137584,0.0010676002169303078,0.00015928887155455858,0.0002493741728922933,3,0.9951584686717544,5,0.0016685628920137584,0.9934899057797406
133,133.csv,0.00036238488959163017,0.0006728621504630348,0.9836591514158847,0.0004343433598768666,0.0015979696701675181,0.0005056691284944758,0.0007314532941900072,0.00018153760813228436,0.011854628657713747,2,0.9836591514158847,8,0.011854628657713747,0.971804522758171
134,134.csv,8.084447575184794e-05,0.00047422255795294605,0.0016242695168411233,0.0001717590048644108,0.9961318580648937,5.669468829422191e-05,0.001275889856053219,6.296820887214085e-05,0.00012149657659934972,4,0.9961318580648937,2,0.0016242695168411233,0.9945075885480525
135,135.csv,0.00021756362515781336,0.9736177370998342,0.004937205818662185,0.0002885822162384102,0.006014001119421567,0.0005057413268659468,0.01361454478257895,0.00031006981632491896,0.0004945557797616529,1,0.9736177370998342,6,0.01361454478257895,0.9600031923172553
136,136.csv,0.8436450006396691,0.018343173072801394,0.0075604601415659705,0.014514223132599622,0.007273521838847512,0.005892097441209996,0.002825493923284067,0.09852076586129767,0.001425263338510118,0,0.8436450006396691,7,0.09852076586129767,0.7451242347783714
137,137.csv,8.220449214805538e-05,5.3872248753251886e-05,0.9973683031628475,0.0019317325134248324,9.093410339565049e-05,6.032132427028059e-05,3.839264319608657e-05,0.0003040225541411903,7.021750552753426e-05,2,0.9973683031628475,3,0.0019317325134248324,0.9954365706494227
138,138.csv,7.848880359207343e-05,0.0007136337187444633,0.00024492671438831616,0.9944686447710309,0.0008450395402197001,0.001812951884803909,0.0014376111669689338,0.00013488085332127525,0.00026382272668097926,3,0.9944686447710309,5,0.001812951884803909,0.992655692886227
139,139.csv,0.004607943476634003,0.1766895836977789,0.021905421591037803,0.003617026924834793,0.41051701009527386,0.16354563418875817,0.191481915865674,0.004485893181176151,0.02314956790463181,4,0.41051701009527386,6,0.191481915865674,0.21903509422959985
140,140.csv,0.0002248489390160053,0.0007920732025309698,0.000692577644035448,0.00015731067966147857,0.9954415328134321,0.0010932946388070768,0.0006626642964063406,9.070391789710739e-05,0.0008449902102979747,4,0.9954415328134321,5,0.0010932946388070768,0.994348238174625
141,141.csv,0.00025332786900244994,0.001628769223717965,0.9868918032700529,0.00046143203716336674,0.0009446094984904721,0.0007242217200883127,0.0013682760351946457,7.837899978954719e-05,0.007649177229251258,2,0.9868918032700529,8,0.007649177229251258,0.9792426260408016
142,142.csv,6.700086680978277e-05,0.0012482748849482082,0.00025311085397773366,0.00016957858111548923,0.9934357700643089,0.002781376923725546,0.0017021190393432721,0.0002336900503748308,0.00010907976877392512,4,0.9934357700643089,5,0.002781376923725546,0.9906543931405833
143,143.csv,0.00083677280720658,0.09512732267418879,0.1653121298517714,0.30124809404926844,0.013353912556457296,0.12173310696607706,0.07444217107235825,0.22691089819731475,0.0010355947161179344,3,0.30124809404926844,7,0.22691089819731475,0.0743371958519537
144,144.csv,0.0004896643542116486,0.12885436045196877,0.04942551362470041,0.02321235560285397,0.06606670889271066,0.48576225435324827,0.02262847232992211,0.22281118673863384,0.0007494876806169706,5,0.48576225435324827,7,0.22281118673863384,0.2629510676146144
145,145.csv,0.0034286221236477007,0.09124462040031497,0.08073132355320523,0.004847497388075902,0.13591749464536473,0.008246555696109405,0.6711656615541994,0.0024796204557963625,0.001938604824109512,6,0.6711656615541994,4,0.13591749464536473,0.5352481669088347
146,146.csv,0.0015868331068842928,0.9556703622191707,0.003714082516998789,0.0012670955551017725,0.007421024668282319,0.0075774021629001,0.021226468259213167,0.00046931126293057985,0.001067419771854186,1,0.9556703622191707,6,0.021226468259213167,0.9344438939599575
147,147.csv,0.0018003458840658633,0.0014162300698761746,0.0016547163594980727,0.00027677639241147913,0.0023464192512425647,0.0019064007345784022,0.001951734307222157,0.00025998685810466407,0.9883873966958848,8,0.9883873966958848,4,0.0023464192512425647,0.9860409774446423
148,148.csv,0.01928420331601966,0.07434646242775601,0.017200705150549354,0.006271835387276517,0.20413195419603875,0.22508375475547626,0.44402505336728104,0.004787050734710482,0.004868983448118642,6,0.44402505336728104,5,0.22508375475547626,0.21894129861180478
149,149.csv,0.001522119625121344,0.003913410665754144,0.0037088957496514397,0.9730702750990858,0.005254358993771846,0.0003345441415152201,0.002838798371497148,0.00032970712883737967,0.00902788845191061,3,0.9730702750990858,8,0.00902788845191061,0.9640423866471752
150,150.csv,0.0006684429737862546,0.0006554930473032027,0.0012540252001096406,0.9914225691204231,0.001329824080843671,0.001441738249903385,0.0016497234282673921,0.0004933041927882522,0.0010848765251220904,3,0.9914225691204231,6,0.0016497234282673921,0.9897728456921557
151,151.csv,0.0006051290199972542,0.24451567206214717,0.04660005716511985,0.007186861218213011,0.07292138112523622,0.47163899666932796,0.051009555813865,0.10469437737837947,0.0008279760722398862,5,0.47163899666932796,1,0.24451567206214717,0.2271233246071808
152,152.csv,0.0006141893924211481,0.0016977713370432532,0.0015244679405274728,0.0018337959162047083,0.9900560765197057,0.0003215436286201363,0.0027666754696562645,0.0005347972788610428,0.0006506886266249797,4,0.9900560765197057,6,0.0027666754696562645,0.9872894010500495
153,153.csv,0.0008886059515923865,0.0749660379117794,0.06995460938547561,0.020777739795462276,0.026350842393035527,0.3754111825195742,0.04033837141524747,0.39022043186077426,0.0010921839603069733,7,0.39022043186077426,5,0.3754111825195742,0.014809249341200037
154,154.csv,5.663531157574514e-05,0.0011593576253404775,0.00016092206689761988,0.00013728383151963698,0.9948078692706473,0.002058013562320316,0.0014006029110691513,0.00011052778660624617,0.00010878493200218784,4,0.9948078692706473,5,0.002058013562320316,0.9927498557083271
155,155.csv,0.006467847742268391,0.07488851671530408,0.09192637531364231,0.003351420724453449,0.279668829652164,0.00503946199583624,0.5322942037954225,0.003209033000908971,0.0031543132359165356,6,0.5322942037954225,4,0.279668829652164,0.2526253741432585
156,156.csv,0.0015782544183114752,0.1275548448239076,0.005808238678069188,0.03435773644302672,0.03219010555886808,0.530382996062251,0.260707972848537,0.005141932074030185,0.002277921150980766,5,0.530382996062251,6,0.260707972848537,0.26967502321371406
157,157.csv,8.903513757401946e-06,7.711516888110018e-05,0.0019359832784862365,0.9962055612553666,5.760988547422856e-05,0.0001878501779318587,5.861791686259268e-05,0.0014593271683336188,9.031508694404348e-06,3,0.9962055612553666,2,0.0019359832784862365,0.9942695779768804
158,158.csv,0.00012988309434933975,0.000711743439916744,0.0005221156636567261,0.00010985394299628762,0.9960607832531505,0.0012113834183212573,0.0007676321992762352,7.283406864510216e-05,0.000413765953067275,4,0.9960607832531505,5,0.0012113834183212573,0.9948493998348292
159,159.csv,0.0015260841328644244,0.08374605555561367,0.1911343700438919,0.004219965505449764,0.05260510653596758,0.004271296824452556,0.6580440478485765,0.002567735214575179,0.0018853388753041793,6,0.6580440478485765,2,0.1911343700438919,0.4669096778046846
160,160.csv,0.0007151238977057637,0.0016387456209601564,0.00123121292471188,0.9888029869740397,0.0031050610730706404,0.0004581337796500413,0.001588024731581029,0.00042966540415497525,0.0020310315559214152,3,0.9888029869740397,4,0.0031050610730706404,0.985697925900969
161,161.csv,0.0002038265717343568,7.172236990517768e-05,0.9977768258372951,0.0013604937537836758,7.405881380268368e-05,6.26343763259864e-05,4.6685389398255656e-05,0.00032018947787231823,8.356668135238565e-05,2,0.9977768258372951,3,0.0013604937537836758,0.9964163320835114
162,162.csv,0.0004656745585774498,0.8810290357282271,0.01360912342409688,0.0014856384707985977,0.01769100301170478,0.0012269604599467738,0.08260682376931507,0.0010247759584676517,0.0008609689000840944,1,0.8810290357282271,6,0.08260682376931507,0.798422211958912
163,163.csv,0.0018439190432769945,0.2763145032196653,0.08135715744744823,0.002113897385847032,0.12711050216951558,0.013716316489975181,0.49004389450112074,0.0035307801977181286,0.003969032961211103,6,0.49004389450112074,1,0.2763145032196653,0.21372939128145546
164,164.csv,0.005378755204085052,0.7807312726528542,0.024111197552694738,0.0018864225438612167,0.04114883037821214,0.002918921755027731,0.13983746191980959,0.001754294867453128,0.0022328469969742416,1,0.7807312726528542,6,0.13983746191980959,0.6408938107330446
165,165.csv,0.000809961325814511,0.17474087230689114,0.016272073405340017,0.002413654448633199,0.41648650991801417,0.1732347768181365,0.20777970121408312,0.0038882433208428115,0.004374202013476163,4,0.41648650991801417,6,0.20777970121408312,0.20870680870393105
166,166.csv,0.0009290774793634229,0.0013473357854331285,0.0007783452955910702,0.0005186635965062715,0.9936140287073361,0.00041652297162291993,0.001522122854841579,0.00015442556806107897,0.0007194725640533102,4,0.9936140287073361,6,0.001522122854841579,0.9920919058524945
167,167.csv,0.0003028740315359224,0.01839432870000411,0.6620102909524017,0.0023735672972214866,0.009268528581420165,0.044842783575557606,0.0074115720342229395,0.255101860196726,0.0002941955608823588,2,0.6620102909524017,7,0.255101860196726,0.40690843075567573
168,168.csv,0.001957681311629549,0.005159749088807478,0.009999231284177276,0.9493390481947415,0.009617383121956952,0.0007626260756797641,0.02037883889046067,0.0009738257098762337,0.0018116161726904956,3,0.9493390481947415,6,0.02037883889046067,0.9289602093042808
169,169.csv,0.000997035446618311,0.0006331539973133331,0.00044886689537503103,0.0001116758838397134,0.9962175294708,0.0002833186139359902,0.0006540151318739449,8.89598840930117e-05,0.000565449102331293,4,0.9962175294708,0,0.000997035446618311,0.9952204940241817
170,170.csv,0.0001753498195056953,0.001491728436615729,0.00021729573678883957,0.00017586086128339783,0.9942985933895803,0.0017391621456105436,0.0015796500095069546,0.00012668995786464156,0.0001956684993899739,4,0.9942985933895803,5,0.0017391621456105436,0.9925594312439697
171,171.csv,0.000215718778506418,0.001444729066449903,0.0005700244744094513,0.00021900675789664418,0.9941088880667699,0.0012764581091986886,0.0017854177656490132,0.0001867930774116327,0.00019296182134401508,4,0.9941088880667699,6,0.0017854177656490132,0.9923234703011209
172,172.csv,4.993054937635176e-05,0.0003933633394555942,0.0002638597666379364,0.9948964620590623,0.0010576632895211808,0.001781246346701672,0.0011126660384482576,0.000151243435987434,0.00029356237309039227,3,0.9948964620590623,5,0.001781246346701672,0.9931152157123607
173,173.csv,0.0003824463176301803,0.05453669986731258,0.10703278546955507,0.024698856793026434,0.02788292308601999,0.5010590937973185,0.018917983561262442,0.26499025018053607,0.0004989604680088638,5,0.5010590937973185,7,0.26499025018053607,0.23606884361678243
174,174.csv,0.003079404212805305,0.00716863595726799,0.020509414759667655,0.008589093776998156,0.0028799605959996762,0.017748051277820188,0.009612159618837199,0.01724605785747777,0.9131672151786944,8,0.9131672151786944,2,0.020509414759667655,0.8926578004190268
175,175.csv,0.0005603926815347507,0.14231467723969807,0.004946726880890396,0.003065855229359947,0.09421431239128962,0.7036132916081261,0.046094834919653244,0.0028445208701189423,0.002345390953956847,5,0.7036132916081261,1,0.14231467723969807,0.5612986143684281
176,176.csv,0.003894976159921505,0.09707669382015116,0.1114037809741087,0.002759260331205507,0.14586213976762294,0.004664701874969038,0.62776276541027,0.00320487667694796,0.0033708015393435526,6,0.62776276541027,4,0.14586213976762294,0.481900625642647
177,177.csv,3.885634444132973e-05,0.00020413505935042183,0.9972604187152914,0.0007949901472669197,6.438785027383787e-05,9.342997329997267e-05,0.0001350350304748293,0.0007067489117001305,0.000701997843002752,2,0.9972604187152914,3,0.0007949901472669197,0.9964654285680244
178,178.csv,0.9915490966063741,0.0011425170736474204,0.00036829927063883506,0.00016429650759754042,0.0019203111072576607,0.0011044043359910618,0.0019808259128041815,0.00012773064490701776,0.0016425144499754376,0,0.9915490966063741,6,0.0019808259128041815,0.98956827069357
179,179.csv,0.001450438520664896,0.15256520227711964,0.023150150455008858,0.0050103065794477675,0.02735876399816957,0.36833238579549665,0.41027604763638453,0.009364302399089263,0.0024924005854777983,6,0.41027604763638453,5,0.36833238579549665,0.04194366184088788
180,180.csv,0.0005346425821807279,0.7661637728082419,0.003275811055265387,0.0015224270415167126,0.034691873988022634,0.09475918031579987,0.09558270748336505,0.0012998183049048066,0.0021697715964342167,1,0.7661637728082419,6,0.09558270748336505,0.6705810653248768
181,181.csv,0.0003817809972654566,0.0011889376533476264,0.9677971899749338,0.0004288981633208957,0.0011487571935145022,0.0011259298389440229,0.0013084791172834175,0.00012459452296962069,0.026495429409985647,2,0.9677971899749338,8,0.026495429409985647,0.9413017605649482
182,182.csv,3.0196020569507266e-05,0.0006524661810690588,0.00032842977195591936,6.281493389043762e-05,0.9964171138865603,0.0014372729414483057,0.0009356903410657946,5.27273273552285e-05,8.328691598426e-05,4,0.9964171138865603,5,0.0014372729414483057,0.9949798409451119
183,183.csv,0.0001099975687473381,0.00027052004844838837,0.9863959600702442,0.0038159915659375693,0.00047972430822764583,0.0004237005569249443,0.00036108225354617015,0.008111879413714674,3.114883296628159e-05,2,0.9863959600702442,7,0.008111879413714674,0.9782840806565295
184,184.csv,0.005217262035128521,0.10445478670975766,0.16081154237735806,0.003612113591182997,0.20625537488773799,0.004008482590288339,0.5096100712833743,0.0026656079570729586,0.003364755267153155,6,0.5096100712833743,4,0.20625537488773799,0.30335469639563634
185,185.csv,0.0008499122041046865,0.000631079836110741,0.00032558641390183695,0.0001521929816035438,0.9963377267486299,0.00023878502358007877,0.0008619068329026634,0.00014145818646952367,0.0004613560610086862,4,0.9963377267486299,6,0.0008619068329026634,0.9954758199157272
186,186.csv,0.0007922796304529784,0.000660875966731117,0.0005207952484395824,0.0001114705597649703,0.9962050666542279,0.0003809306401100623,0.0007560989743187918,9.105075254919591e-05,0.0004814275120443058,4,0.9962050666542279,0,0.0007922796304529784,0.9954127870237749
187,187.csv,0.00011547471739832098,0.0009953055803857897,0.992343393158948,6.499415447243714e-05,0.0008833587993612627,0.0008345526189510659,0.0014110054350795639,4.611470183613988e-05,0.0033057987577642576,2,0.992343393158948,8,0.0033057987577642576,0.9890375944011838
188,188.csv,0.0005308122468187221,0.17244241517482395,0.04479877256820736,0.009587906767666122,0.09087858336493465,0.49480813398110945,0.028061220305777644,0.15815080979671606,0.0007413438933718026,5,0.49480813398110945,1,0.17244241517482395,0.3223657188062855
189,189.csv,4.7483296727748396e-05,0.00040193438531351753,0.0002591839234429821,0.9950262989185994,0.001031245038102549,0.0017459979574988925,0.0010594337798413701,0.00015287960169736966,0.000275534588357711,3,0.9950262989185994,5,0.0017459979574988925,0.9932803009611005
190,190.csv,0.0011884605459123877,0.21837336366596732,0.0050118200512519135,0.00218998668326603,0.11021696730804667,0.23111800063415877,0.42517783184548996,0.004972980348302953,0.0017505891526212382,6,0.42517783184548996,5,0.23111800063415877,0.1940598312113312
191,191.csv,0.0018736856202756457,0.000245220694371236,0.9909370949880627,0.004416266861405623,0.00025012838602319725,9.690453002603002e-05,0.00047525689101210033,6.859977360307006e-05,0.0016368477732024598,2,0.9909370949880627,3,0.004416266861405623,0.9865208281266571
192,192.csv,0.0013819203891432235,0.1650434721472832,0.008994484197893796,0.0020978556576209868,0.0981494565666747,0.28753876144660173,0.4315422689343734,0.001927497732225865,0.003324284384024803,6,0.4315422689343734,5,0.28753876144660173,0.1440035074877717
193,193.csv,0.0005731402159791974,0.0011441878101521017,0.0014988602056600075,0.9897231473171066,0.0035017601035463824,0.00024390989808097322,0.0014155281352341348,0.00029804518254784374,0.001601417199434476,3,0.9897231473171066,4,0.0035017601035463824,0.9862213872135602
194,194.csv,0.00013193839543133233,0.9895762343642899,0.0015690070610962059,0.0002831824226483924,0.0021719302036271983,0.00022026228619941588,0.00571912922718696,0.0001759071448044509,0.000152399731431587,1,0.9895762343642899,6,0.00571912922718696,0.9838571051371029
195,195.csv,0.0002859765046404308,0.0004749820035461405,0.0008002603892374713,0.0002408830581865558,0.000685045964978075,0.9921430097713924,0.0027691783167544757,0.0007314005337829716,0.0018692699551543447,5,0.9921430097713924,6,0.0027691783167544757,0.9893738314546379
196,196.csv,0.0014009452635844386,0.22586574599083392,0.023756697641522103,0.003169059482179707,0.03390268736956466,0.3593917163009137,0.3391742842456126,0.010358526513955942,0.00298033447964651,5,0.3593917163009137,6,0.3391742842456126,0.020217432055301132
197,197.csv,0.001260451636897546,0.28056796899950986,0.004919613394683091,0.005922671222944074,0.10891716455852793,0.2015114345888993,0.3925936045399344,0.002798372232186356,0.0015087185826416435,6,0.3925936045399344,1,0.28056796899950986,0.11202563554042455
198,198.csv,1.9633061268459764e-05,0.0005476371904854479,0.00017242366621725232,8.526989104841146e-05,0.997272068492985,0.0010364853261817986,0.0007119806544051954,7.781090668622313e-05,7.669453573037566e-05,4,0.997272068492985,5,0.0010364853261817986,0.9962355831668032
199,199.csv,0.000929925609665953,0.1372266329353546,0.006056797986878997,0.0018793068473336044,0.2630914919530176,0.24325246740235207,0.34317927124925274,0.0024708871814768368,0.001913221841720238,6,0.34317927124925274,4,0.2630914919530176,0.08008777929623512
200,200.csv,0.0001680019471154039,0.000548009791280654,0.00040278954176677984,0.0005548290258118358,0.9958005417474078,0.0007522452055416797,0.0014652700945330275,0.0001252360422319563,0.00018308143373914037,4,0.9958005417474078,6,0.0014652700945330275,0.9943352716528748
201,201.csv,0.00014285154212448172,0.0016566560364351915,0.9828033850077627,0.00029667324940431557,0.0028209468338727343,0.0013993721053327936,0.0021380159313594375,0.00019024996141724424,0.008551849054656448,2,0.9828033850077627,8,0.008551849054656448,0.9742515359531062
202,202.csv,0.000890057044295937,0.0007346306494866094,0.0003657899836353765,0.0002360248258655164,0.995502548478218,0.0003240976482673469,0.0010996936831146654,0.0004249472345964654,0.0004222080742934604,4,0.995502548478218,6,0.0010996936831146654,0.9944028547951033
203,203.csv,0.0010237013802151134,0.10451384499930975,0.32463414549224345,0.008482159614583285,0.02956692030396565,0.30930323381069413,0.06545827986387283,0.15619749203307082,0.0008202178634958298,2,0.32463414549224345,5,0.30930323381069413,0.01533091168154932
204,204.csv,9.569815517964854e-05,0.006643000552957442,0.9816006519699346,0.0041225607903965355,0.0009695528497887638,0.0013322776771099443,0.0009579734747178295,0.0036009415297528734,0.0006773419808570426,2,0.9816006519699346,1,0.006643000552957442,0.9749576514169772
205,205.csv,0.00028543879928073226,0.0012831999902089615,0.9845621477319475,0.0007520498125641005,0.0007022683617990419,0.0008190395386055846,0.0018036745084991047,7.205629517539319e-05,0.009720127714617369,2,0.9845621477319475,8,0.009720127714617369,0.9748420200173301
206,206.csv,0.00015678562538650975,0.20364861786987432,0.019824279528066677,0.28163876535269383,0.011017890231025097,0.05608893810404325,0.005666607800419229,0.42174134899186316,0.00021675961276411404,7,0.42174134899186316,3,0.28163876535269383,0.14010258363916933
207,207.csv,0.00024526686216964075,0.0010891924507465036,0.9856040534512618,0.0015266667659881573,0.0007650380275902247,0.0006629331122112715,0.0011739151823273106,0.00014593281363556207,0.008786998998369145,2,0.9856040534512618,8,0.008786998998369145,0.9768170544528927
208,208.csv,8.616087427977426e-05,0.001429209062828057,0.00047343269866213664,0.00012751443413774982,0.9915415396945294,0.004061279410614235,0.002016784585742734,0.000143223007712788,0.00012085366618866366,4,0.9915415396945294,5,0.004061279410614235,0.9874802602839152
209,209.csv,7.270340955402578e-05,0.0005394833373888268,0.000274163564308582,0.9945283372819569,0.0009809719029925288,0.0016581796889100068,0.0014910875011309942,0.00014010368672475287,0.00031497339996765635,3,0.9945283372819569,5,0.0016581796889100068,0.9928701575930469
210,210.csv,0.0013465228078398987,0.05939622446159711,0.1306961084023195,0.0032103844401210595,0.04615964831716698,0.00390052098726397,0.7508032459397143,0.0023871233671929762,0.0021002234413269685,6,0.7508032459397143,2,0.1306961084023195,0.6201071375373948
211,211.csv,0.0743023595695181,0.05970802063919635,0.07801856479013652,0.006374056548964283,0.22181581857204596,0.01465044271556385,0.5263582319580556,0.00733509764247379,0.011437409029618699,6,0.5263582319580556,4,0.22181581857204596,0.3045424133860097
212,212.csv,0.00045482006067460736,0.5856094103881809,0.0030688239929017483,0.004848673295692564,0.03037982752217274,0.2419088917403086,0.1309468883266859,0.0014704361797808563,0.0013122275532898003,1,0.5856094103881809,5,0.2419088917403086,0.3437005186478723
213,213.csv,0.0001549901641889622,0.014488732346299075,0.5315744627067442,0.002613602072777514,0.0024416970385008094,0.021397959237753884,0.004126208553141465,0.423091312801774,0.00011103608913867562,2,0.5315744627067442,7,0.423091312801774,0.10848314990497027
214,214.csv,0.002865915013388172,0.098453308915271,0.10513169212931081,0.010401559711095841,0.36560601497833806,0.08914366761103426,0.18191923028313423,0.1438827089252823,0.0025959031043797215,4,0.36560601497833806,6,0.18191923028313423,0.18368678469520383
215,215.csv,0.0007627347819291735,0.00322795642553966,0.979108086551109,0.0009979344500007348,0.004140377841760631,0.00386317191920134,0.005458361876280772,0.00045950569573003074,0.0019818670694777252,2,0.979108086551109,6,0.005458361876280772,0.9736497246748282
216,216.csv,0.0010849795337445544,0.000655128146794447,0.000438352274746793,0.00010882628705994991,0.9962040372134031,0.0002742121255813925,0.0006955191374687115,8.436842174952756e-05,0.00045457646600756396,4,0.9962040372134031,0,0.0010849795337445544,0.9951190576796586
217,217.csv,0.0011847459507044328,0.10738023460197793,0.012055256315567926,0.0013951561186108785,0.0632293252514921,0.515585337008842,0.27854613927082417,0.018697673948075356,0.0019261289706117306,5,0.515585337008842,6,0.27854613927082417,0.23703919773801785
218,218.csv,3.335939711767766e-05,0.0005354467300397628,0.00018475269276430802,0.0004159342334648057,0.9962240352121645,0.0012950665632198005,0.001099180508107231,9.623650282825758e-05,0.00011598832958460017,4,0.9962240352121645,5,0.0012950665632198005,0.9949289686489448
219,219.csv,0.0016235767419764734,0.12951988748303345,0.03955112834673219,0.008306226776236868,0.024296049618379143,0.4276363073179458,0.32567133864112086,0.04156558127757495,0.0018299002780673911,5,0.4276363073179458,6,0.32567133864112086,0.10196496867682492
220,220.csv,0.0010123000487337016,0.4467625328713557,0.010965127829506411,0.009208427356171708,0.03595204965712525,0.2709654248731055,0.21734652579021288,0.006130605387006076,0.0016570094526950371,1,0.4467625328713557,5,0.2709654248731055,0.1757971079982502
221,221.csv,0.0009263664762634398,0.0006737092186944472,0.0005231538771210865,0.00021039370578490244,0.995472733570286,0.0002608409116376192,0.0010773098252684621,0.00037799841487869926,0.0004774879728069261,4,0.995472733570286,6,0.0010773098252684621,0.9943954237450175
222,222.csv,0.004490943392659432,0.9494786750182642,0.0035564746438290435,0.0025768164638613478,0.012435992332417491,0.005684199236540317,0.01814826812465517,0.0017183603653884248,0.0019102681461113694,1,0.9494786750182642,6,0.01814826812465517,0.931330406893609
223,223.csv,0.00016492963481182,0.0002752478872017124,0.0004485899809253728,0.9971990708033299,0.0006888108607648484,7.634778544438302e-05,0.0003191251725551157,9.992119453412784e-05,0.0007279594378175567,3,0.9971990708033299,8,0.0007279594378175567,0.9964711113655124
224,224.csv,0.00039695794676871706,0.0004088711637305476,0.9875280166153317,0.002607582373819526,0.00020528364526987248,0.0006173988246556783,0.0007198553673732768,0.00016708703698181638,0.007348947706905539,2,0.9875280166153317,8,0.007348947706905539,0.9801790689084262
225,225.csv,0.0015714734844095048,0.11763180265583421,0.028062954958721343,0.014018110918269088,0.025806098457622485,0.4623902467411487,0.305904058816144,0.042361504506439475,0.002253751437404856,5,0.4623902467411487,6,0.305904058816144,0.15648618792500468
226,226.csv,0.0010061859961099987,0.1344560508251358,0.020195293193497537,0.002212668198783557,0.05156571891648442,0.5926225761427788,0.1868468412626006,0.009339550795447276,0.0017551055540942074,5,0.5926225761427788,6,0.1868468412626006,0.4057757348801782
227,227.csv,0.001100505907835028,0.18472837296765254,0.0052699700461151565,0.002587294186669845,0.3823810394721375,0.1275734338414588,0.2899222751920426,0.00308613313292538,0.003350970737718256,4,0.3823810394721375,6,0.2899222751920426,0.09245876428009486
228,228.csv,7.987607025167793e-05,0.0005219656005360265,0.0011572966989744804,0.00016672373531961108,0.9965856043995043,6.580540099136235e-05,0.0012132524076641973,6.638772185831042e-05,0.00014308663583857242,4,0.9965856043995043,6,0.0012132524076641973,0.99537235199184
229,229.csv,0.0006887841682078337,0.13149091510151628,0.011927148986893864,0.002363973768002922,0.05510856630016153,0.6016953110060088,0.17874703737007336,0.015195216876149168,0.002783043050513137,5,0.6016953110060088,6,0.17874703737007336,0.42294827363593546
230,230.csv,0.04038954813045182,0.06575850982370227,0.05032767420810991,0.009337153704605644,0.20175983455617763,0.023284810323873237,0.5882405973164178,0.010816754930100219,0.010085116825554434,6,0.5882405973164178,4,0.20175983455617763,0.3864807627602401
231,231.csv,6.202772482974135e-05,0.0005232628083182153,0.000220562652771839,0.9954648698426094,0.0006359581160511571,0.001299537553694455,0.0014287696101503854,0.00013590901987468008,0.0002291051814035807,3,0.9954648698426094,6,0.0014287696101503854,0.994036100232459
232,232.csv,0.0002478993807254678,0.9767390924621113,0.004521725794463673,0.0004821314922879918,0.005547313905719884,0.0009913436498512336,0.01021037724847636,0.000500115615661908,0.0007600035479544254,1,0.9767390924621113,6,0.01021037724847636,0.9665287152136349
233,233.csv,0.0006968431564947223,0.00041993764679209986,0.9926084603498695,8.02930093216239e-05,0.0006199551592178938,0.0005541317849655319,0.00042222688063993006,3.3661667059850006e-05,0.004564489659084706,2,0.9926084603498695,8,0.004564489659084706,0.9880439706907848
234,234.csv,0.00019878082542784296,0.19742501425065273,0.1223973874669345,0.01206368612083663,0.04903349943728419,0.07693274312395205,0.006516553449336357,0.5351575151650765,0.00027482094997210006,7,0.5351575151650765,1,0.19742501425065273,0.33773250091442375
235,235.csv,8.65269932950424e-05,0.00044462611758244963,0.0003372804036270206,0.9931861432894102,0.0013664072412677682,0.002230373692393975,0.0018981678231886063,0.00016011812922053092,0.0002903488841709678,3,0.9931861432894102,5,0.002230373692393975,0.9909557695970163
236,236.csv,0.00018228343908635743,0.00028775017711675987,0.0004758769174113826,0.9970165847162091,0.0007365068282574342,8.505441872180772e-05,0.00035579733714913184,0.00010400260867027863,0.0007561495180734868,3,0.9970165847162091,8,0.0007561495180734868,0.9962604351981357
237,237.csv,6.787150735240821e-05,0.0007424539826543257,0.0006564888345333093,0.00010727024173708056,0.9971645167576275,7.076059092064268e-05,0.0009866626975219555,5.8440069773978915e-05,0.00014554020445709271,4,0.9971645167576275,6,0.0009866626975219555,0.9961778540601056
238,238.csv,0.00027702952633848927,0.2693386065310361,0.014060710899755186,0.36514955770574153,0.01092648360277445,0.14300591416421127,0.02883034465971043,0.16796237508780024,0.00044897959304673386,3,0.36514955770574153,1,0.2693386065310361,0.09581095117470545
239,239.csv,0.006834036683691644,0.16398281621130087,0.07090255195113543,0.00503074380461237,0.3730835147370162,0.21517805057456957,0.1040964918467673,0.004153093898164101,0.056738695643519035,4,0.3730835147370162,5,0.21517805057456957,0.1579054641624466
240,240.csv,0.0001451306076720023,6.950959728356895e-05,0.9963873207195502,0.002765121948955128,7.974520735803968e-05,2.59106463672144e-05,5.07241062937644e-05,0.00036984323407891734,0.0001066888927084954,2,0.9963873207195502,3,0.002765121948955128,0.993622198770595
241,241.csv,0.001033980921896171,0.14748660523851065,0.006608292599975207,0.008853479868559415,0.22733369203433224,0.23060437185804278,0.36978120757609634,0.004273613345981157,0.004024758280552217,6,0.36978120757609634,5,0.23060437185804278,0.13917683571805356
242,242.csv,0.00033123827377741575,0.0012806403883035152,0.9741119209183344,0.00030773204771398236,0.0013456531143016988,0.0007839689108624707,0.001208230426572319,0.00010480972539340679,0.020525799872924043,2,0.9741119209183344,8,0.020525799872924043,0.9535861210454104
243,243.csv,0.0008120899894170408,0.16204659149955455,0.005768033009516737,0.002212357155890162,0.34064801804049416,0.18168750745930395,0.3026185627236861,0.0022117674149332673,0.0019950733319703184,4,0.34064801804049416,6,0.3026185627236861,0.03802945531680807
244,244.csv,8.397734829685638e-05,0.004985891251440758,0.9840470681172269,0.0038694226982230865,0.0007649259036785669,0.0010756432073278546,0.0008411360726527571,0.003663214306659203,0.0006687269614816954,2,0.9840470681172269,1,0.004985891251440758,0.9790611768657861
245,245.csv,0.0007305956147800395,0.3282384983274996,0.01779820054744121,0.0025328749062732098,0.37153400865705843,0.1505174638859674,0.12085991039128532,0.003925811815461588,0.0038626386389196223,4,0.37153400865705843,1,0.3282384983274996,0.04329551032955886
246,246.csv,0.00012280220534930663,0.0014516021182069856,0.9845533987282791,0.0005658632010274685,0.002533137695103363,0.0011747103447770938,0.00199104097795528,0.00026307289638898907,0.00734436172045447,2,0.9845533987282791,8,0.00734436172045447,0.9772090370078246
247,247.csv,0.001794319349385726,0.9263361292645209,0.004806372475115869,0.0009449592763026864,0.0243255982395116,0.011077065014383452,0.02749808756334049,0.0007974547325042306,0.0024200127384517507,1,0.9263361292645209,6,0.02749808756334049,0.8988380417011804
248,248.csv,0.0003887632192272635,0.7534336208199146,0.010426074661933333,0.006826117206194114,0.010096275438854874,0.09055797034615731,0.12462798154599392,0.002955709466905553,0.0006874830027135342,1,0.7534336208199146,6,0.12462798154599392,0.6288056392739207
249,249.csv,0.0005216143042114087,0.000563253938537602,0.9884088722930535,0.0006580900458011277,0.0008016295930421862,0.0005937941915756745,0.0008537195327934156,0.00026169780968821955,0.0073373287897352535,2,0.9884088722930535,8,0.0073373287897352535,0.9810715435033183
250,250.csv,0.0008704450768239868,0.0006507429389757536,0.0005373792800930625,0.00011994257323269141,0.9960407666995258,0.0003769602611999163,0.0006641120568835681,0.00011356259413458503,0.0006260923153065336,4,0.9960407666995258,0,0.0008704450768239868,0.9951703216227018
251,251.csv,0.002912904750780321,0.0634348282965306,0.23190419922465894,0.0024873922696131857,0.19743770905303934,0.0031883237500130632,0.49425114366808304,0.002299963584502077,0.00208353452158649,6,0.49425114366808304,2,0.23190419922465894,0.2623469444434241
252,252.csv,2.3694002434503103e-05,0.00018028517742231295,0.9900741721131899,0.003727937622336177,0.00010070743521809446,4.121964559342723e-05,0.00010612074212491813,0.005733744747671465,1.2121831977719383e-05,2,0.9900741721131899,7,0.005733744747671465,0.9843404273655185
253,253.csv,0.0006647663191715101,0.6997303016770492,0.007056605350766857,0.0017060515869588926,0.04917604845767691,0.10601617027962897,0.13233182773778182,0.001994880308004583,0.0013233492137850805,1,0.6997303016770492,6,0.13233182773778182,0.5673984739392673
254,254.csv,0.0023217002573730954,0.0031460516710574583,0.004115927608165297,0.0024341565091880843,0.0015534498990215286,0.0013671308589650068,0.003486969086967761,0.0005983399182586383,0.9809762763272786,8,0.9809762763272786,2,0.004115927608165297,0.9768603487191133
255,255.csv,0.00037394393272397884,0.0012955348814693189,0.0015067177119468186,0.00018688878996859102,0.9922340915158177,0.0021321565068881795,0.0018332111152547395,0.0002677296724318698,0.00016972399791506196,4,0.9922340915158177,5,0.0021321565068881795,0.9901019350089295
256,256.csv,0.00507827877447398,0.07966435451747886,0.0147365710868025,0.029392855000186083,0.00512607768120658,0.01205785989817182,0.006494308151876252,0.0678112568963248,0.7796384417263846,8,0.7796384417263846,1,0.07966435451747886,0.6999740872089057
257,257.csv,0.00018865933143507913,0.0006693437977504176,0.9780875128642851,0.003341697321320298,0.0006060688064367656,0.0006562141689477022,0.00036596426919600905,0.015110150452313943,0.0009743813493728031,2,0.9780875128642851,7,0.015110150452313943,0.9629773624119712
258,258.csv,0.875133593441378,0.0058170396862113226,0.02344709297123955,0.005190519299681979,0.022747477208622517,0.00354057223154008,0.005877142153554026,0.05171807574068569,0.006528483839463254,0,0.875133593441378,7,0.05171807574068569,0.8234155177006923
259,259.csv,0.00027355964397656,0.0006543455199575016,0.0007701320638402152,0.9940609467360376,0.0015050320978616033,0.00025114657234669846,0.0008279994702981194,0.0001405188275676157,0.0015163184709610427,3,0.9940609467360376,8,0.0015163184709610427,0.9925446282650766
260,260.csv,9.502911231277036e-05,0.0017784500804308835,0.0006345586045987287,0.000119203127256622,0.0009018235656464101,0.9912415811481663,0.0037914640858714432,0.00046845144800582037,0.0009694409964808123,5,0.9912415811481663,6,0.0037914640858714432,0.9874501170622949
261,261.csv,0.0009134375053951901,0.0009146046834101262,0.00111060519040978,0.9899352973780617,0.0018495157838970843,0.0008359046941605736,0.00227310692618437,0.00037925277619356364,0.0017882736848418921,3,0.9899352973780617,6,0.00227310692618437,0.9876621904518774
262,262.csv,0.0008224047533595838,0.17623797014645354,0.01615053845316322,0.002441923752641933,0.4137188685353661,0.17414542521058973,0.20819384295194543,0.0037826778378993674,0.004506345970455691,4,0.4137188685353661,6,0.20819384295194543,0.20552502558342067
263,263.csv,0.0016213585906340465,0.2079189837165384,0.012840593869588971,0.254171763781639,0.026248737505152556,0.16602609451309142,0.3016986702230196,0.02661497342511937,0.0028588230889473546,6,0.3016986702230196,3,0.254171763781639,0.04752690644138058
264,264.csv,0.001068734207182664,0.08979195504434878,0.07236063848254254,0.01652465622510294,0.04134248309924418,0.09590037917552771,0.022367362706046185,0.6600459148115281,0.0005978737669285558,7,0.6600459148115281,5,0.09590037917552771,0.5641455356360003
265,265.csv,0.0007938405443313742,0.18862732663466208,0.016556363893062857,0.003223302163623165,0.41126062477615294,0.16105539680333777,0.20879474321791638,0.004865700416759368,0.004822696765144947,4,0.41126062477615294,6,0.20879474321791638,0.20246588155823655
266,266.csv,0.00015213569627116488,0.00023767873035326158,0.0004328888577985613,0.9974078182945987,0.0006184655997286864,6.893973866908465e-05,0.00029228750767149633,9.980595797812036e-05,0.000689979911682985,3,0.9974078182945987,8,0.000689979911682985,0.9967178383829157
267,267.csv,3.347474935205764e-05,0.0018168885964136249,0.00016107719046439635,0.9940458134384161,0.0010525430431407414,0.0017106481095951636,0.0008603669994231338,0.00021447166155710498,0.00010471846817767964,3,0.9940458134384161,1,0.0018168885964136249,0.9922289248420025
268,268.csv,0.0002443820980030965,0.872933430509371,0.00439083346823013,0.0007722310483494306,0.0308840650352249,0.0322085539271034,0.056923948072838855,0.0008301001180812677,0.000812452877045791,1,0.872933430509371,6,0.056923948072838855,0.8160094824365322
269,269.csv,0.0005839996530171656,0.43629268185072156,0.006473242900652451,0.0028713935358275515,0.2769989788617462,0.15175110396560246,0.12133317892422374,0.0019703891302485245,0.0017250275551429545,1,0.43629268185072156,4,0.2769989788617462,0.15929370298897538
270,270.csv,0.01684865998920649,0.7211379299208454,0.028334973548689316,0.004358004094259702,0.0921963407332625,0.007653436891242408,0.12042654167230551,0.00303964855546742,0.006004468128251456,1,0.7211379299208454,6,0.12042654167230551,0.6007113882485399
271,271.csv,0.001838914147054068,0.11853228158788733,0.018211738142324175,0.0045685260026567375,0.027355252436216476,0.2674640261638006,0.549235727133844,0.010321745066649304,0.002471790789519584,6,0.549235727133844,5,0.2674640261638006,0.28177170097004345
272,272.csv,6.10402320365438e-05,0.9687243489030508,0.0005834453422475489,0.00016550985508944263,0.008713513230557158,0.013853804119621034,0.007624112500421366,0.00019960163957185442,7.462627242709928e-05,1,0.9687243489030508,5,0.013853804119621034,0.9548705447834298
273,273.csv,0.0013242709333134745,0.103763868147788,0.014523328519329635,0.06328587152208501,0.02546676054215113,0.4025031141828995,0.3645014859515041,0.02240913819218445,0.0022221621763707324,5,0.4025031141828995,6,0.3645014859515041,0.03800162823139541
274,274.csv,0.0003883974070715761,0.0010063630876131417,0.9797302940254717,0.0020204337928188642,0.004042777059321083,0.005096197456870447,0.004889606136317347,0.0014175323413500977,0.0014084002761297425,2,0.9797302940254717,5,0.005096197456870447,0.9746340965686013
275,275.csv,7.241307187701451e-05,0.0004798175323955681,0.0002762939680118997,0.99441922616866,0.0011506448486327608,0.0017016859851822922,0.0014163415591582794,0.00013649607036520314,0.00034708379149089695,3,0.99441922616866,5,0.0017016859851822922,0.9927175401834777
276,276.csv,0.0004237349127824883,0.0009040161778367231,0.003963442918321062,0.9896771896163166,0.0003918497460085113,0.0001549825938786579,0.001223661650120764,0.002731339929621962,0.0005297893614811433,3,0.9896771896163166,2,0.003963442918321062,0.9857137466979955
277,277.csv,5.118740985927901e-05,0.000377332968738993,0.0001438647505298464,0.997249343332064,0.0003240002321774082,0.0008728939724772088,0.0008211159183283068,6.422926076389889e-05,9.603072316985565e-05,3,0.997249343332064,5,0.0008728939724772088,0.9963764493595868
278,278.csv,0.00017702833883811108,0.1716542022697774,0.049603609046051,0.1618161353485839,0.016051868672296424,0.08185677709777062,0.0077107932717178276,0.5108928835020929,0.00023670528256666254,7,0.5108928835020929,1,0.1716542022697774,0.33923868123231554
279,279.csv,0.00011178862790319214,0.005351334298164445,0.34709731677537065,0.004220660094579431,0.002596483600098359,0.01741173415575543,0.0011801836582516591,0.6219411371866663,8.935887776110227e-05,7,0.6219411371866663,2,0.34709731677537065,0.2748438204112957
