group_id,prob_class_0,prob_class_1,prob_class_2,prob_class_3,prob_class_4,prob_class_5,prob_class_6,prob_class_7,prob_class_8,source_file,label,predicted_label,top1_probability,top2_label,top2_probability,prob_margin,fold,k,param_n_estimators,param_max_depth,param_learning_rate,param_subsample,param_colsample_bytree,param_reg_lambda,param_reg_alpha
train_label0_src001_01,0.9820258008536472,0.004190851344666895,0.0008151024916104131,7.746988194412552e-05,0.001405296604692315,0.002926468174161029,0.008434410789050162,0.00011139148954185579,1.321232960885594e-05,train_label0_src001_01.csv,0,0,0.9820258008536472,6,0.008434410789050162,0.973591390064597,1,300,400,3,0.03,0.9,0.8,1.0,0.05
train_label0_src001_06,0.9023756703652281,0.02900259752015543,0.011385298279883597,0.0009390056819063497,0.0035888185504850834,0.0014980065130775102,0.05049204546707853,0.0004287228427213655,0.0002898377101444332,train_label0_src001_06.csv,0,0,0.9023756703652281,6,0.05049204546707853,0.8518836248981496,1,300,400,3,0.03,0.9,0.8,1.0,0.05
train_label1_src001_05,0.00027477237221006285,0.6077489120665417,0.024252372012744026,0.0020760633057654303,0.039479155872037174,0.09963052728844266,0.22585855240142474,0.0004348770776476901,0.0002447727039066439,train_label1_src001_05.csv,1,1,0.6077489120665417,6,0.22585855240142474,0.381890359665117,1,300,400,3,0.03,0.9,0.8,1.0,0.05
train_label1_src002_03,0.00015721034107764843,0.7198607372019881,0.009084522342359427,0.0008580406915874631,0.07366778835233662,0.16888361886770825,0.02467892123436335,0.0026523092549928886,0.00015685647049786084,train_label1_src002_03.csv,1,1,0.7198607372019881,5,0.16888361886770825,0.5509771183342798,1,300,400,3,0.03,0.9,0.8,1.0,0.05
train_label1_src003_02,0.00038907423786636224,0.5777814591764122,0.0407334611155293,0.0011049293210699915,0.10911054416529593,0.08790684063913881,0.18225348718784828,0.0004337270461243167,0.00028647782915692415,train_label1_src003_02.csv,1,1,0.5777814591764122,6,0.18225348718784828,0.39552797198856393,1,300,400,3,0.03,0.9,0.8,1.0,0.05
train_label1_src004_01,0.00014428945898974343,0.8940595330730561,0.0072662364103160395,0.0009188749888468714,0.025895458751267964,0.024666487832956756,0.046790904510686154,0.00017439890231593557,8.382032468435555e-05,train_label1_src004_01.csv,1,1,0.8940595330730561,6,0.046790904510686154,0.84726862856237,1,300,400,3,0.03,0.9,0.8,1.0,0.05
train_label1_src004_06,0.00027597937673084333,0.8638385233058724,0.00905969103557929,0.0009289683120998664,0.02947828365159371,0.03668990591869524,0.059423728649484454,0.000196564111730925,0.00010835590691512866,train_label1_src004_06.csv,1,1,0.8638385233058724,6,0.059423728649484454,0.804414794656388,1,300,400,3,0.03,0.9,0.8,1.0,0.05
train_label2_src002_01,0.0008312790489844212,0.00017749863955716762,0.9972630841757661,0.0010573762722165694,0.00010600902450894336,0.00011629472975337487,0.00031798495384923966,0.00010229298187437297,2.8175771828784333e-05,train_label2_src002_01.csv,2,2,0.9972630841757661,3,0.0010573762722165694,0.9962057079035496,1,300,400,3,0.03,0.9,0.8,1.0,0.05
train_label2_src002_04,0.0010352529472598807,0.00016099963058193055,0.9951476691871561,0.0031209008634260666,0.00010669188347775914,5.552307938873988e-05,0.00020637231985650337,0.00014890744669858292,1.7682914440522454e-05,train_label2_src002_04.csv,2,2,0.9951476691871561,3,0.0031209008634260666,0.99202676832373,1,300,400,3,0.03,0.9,0.8,1.0,0.05
train_label2_src003_04,0.0001266613899402454,0.032847259622392676,0.6698099671192067,0.0011923117365484515,0.061780776075583195,0.0019843419476694513,0.23157655473257746,0.0004197270789968228,0.00026239624207113183,train_label2_src003_04.csv,2,2,0.6698099671192067,6,0.23157655473257746,0.4382334123866293,1,300,400,3,0.03,0.9,0.8,1.0,0.05
train_label2_src004_03,0.00012014216281630813,0.0023011674576248692,0.9906128221942533,3.23828875264954e-05,0.002399729428342193,0.00014215854477492206,0.0026141177789027734,1.747839455039025e-05,0.001759997496421459,train_label2_src004_03.csv,2,2,0.9906128221942533,6,0.0026141177789027734,0.9879987044153505,1,300,400,3,0.03,0.9,0.8,1.0,0.05
train_label2_src005_01,1.9444497309851484e-05,0.00017408435541187584,0.9987258840632695,0.0006694394173645114,4.186767829949492e-05,4.363157141372256e-05,8.899884227092468e-05,0.00018000496328890984,5.664522807340398e-05,train_label2_src005_01.csv,2,2,0.9987258840632695,3,0.0006694394173645114,0.9980564446459049,1,300,400,3,0.03,0.9,0.8,1.0,0.05
train_label3_src001_01,0.00013124796399791594,0.024644649652351115,0.006602371186970906,0.9062068523258291,0.00147770864327134,0.019140108529926134,0.037354553164194476,0.004244339714796786,0.00019816951312252488,train_label3_src001_01.csv,3,3,0.9062068523258291,6,0.037354553164194476,0.8688522991616346,1,300,400,3,0.03,0.9,0.8,1.0,0.05
train_label3_src002_01,2.347577838473401e-05,0.000337889447266246,0.0003085739135126313,0.9984948782510655,0.0003824221305592957,0.00021894595382584295,0.00019463857359525757,5.115073167627254e-06,3.405971601359754e-05,train_label3_src002_01.csv,3,3,0.9984948782510655,4,0.0003824221305592957,0.9981124561205063,1,300,400,3,0.03,0.9,0.8,1.0,0.05
train_label3_src003_02,0.00020467543296739853,0.0012483322463731873,0.0011577949015347296,0.9917471543435128,0.002224004706408533,0.0005639439545101135,0.002749582825814404,2.7623818569218298e-05,7.688842919212406e-05,train_label3_src003_02.csv,3,3,0.9917471543435128,6,0.002749582825814404,0.9889975715176984,1,300,400,3,0.03,0.9,0.8,1.0,0.05
train_label3_src003_04,3.0095911555353297e-05,0.0004306401707224488,0.0010923114583341865,0.9971366614423772,0.00033541105386252786,0.0001086901663442678,0.0004942018308855783,7.480015733318563e-05,0.0002971872721978818,train_label3_src003_04.csv,3,3,0.9971366614423772,2,0.0010923114583341865,0.996044349984043,1,300,400,3,0.03,0.9,0.8,1.0,0.05
train_label3_src003_06,2.1193963641385917e-05,0.0004612580044238868,0.0008608223128718354,0.9974133365897722,0.0002549965317083788,0.00019555843074715908,0.0007478478829368889,3.974907073619937e-05,5.241333466435981e-06,train_label3_src003_06.csv,3,3,0.9974133365897722,2,0.0008608223128718354,0.9965525142769003,1,300,400,3,0.03,0.9,0.8,1.0,0.05
train_label3_src005_01,6.336206998488099e-06,0.00013570500263457327,0.0010560952966922634,0.9974532409380841,0.0003566316814045735,0.0006007945855628194,0.00019316331689810552,0.0001947496401885229,3.282347947983957e-06,train_label3_src005_01.csv,3,3,0.9974532409380841,2,0.0010560952966922634,0.9963971456413918,1,300,400,3,0.03,0.9,0.8,1.0,0.05
train_label4_src001_01,0.0002783866498346039,0.2208872145837954,0.015825902194758597,0.0015114354280603458,0.21674124593095434,0.21803074921423415,0.32599733280448584,0.00043969814705437733,0.00028803655532688173,train_label4_src001_01.csv,4,6,0.32599733280448584,1,0.2208872145837954,0.10511011822069044,1,300,400,3,0.03,0.9,0.8,1.0,0.05
train_label4_src002_01,3.660704931863493e-06,0.002002724990253687,0.00038224742155595963,4.019488571958068e-05,0.9956239513171616,0.0011579882191908445,0.0007746344765833509,7.79228514480193e-06,6.803486232251265e-06,train_label4_src002_01.csv,4,4,0.9956239513171616,1,0.002002724990253687,0.993621226326908,1,300,400,3,0.03,0.9,0.8,1.0,0.05
train_label4_src002_04,8.963944250236608e-05,0.0008939669454365128,0.013654955516954864,0.00010816699081241036,0.9789241513898296,0.0019247680520688894,0.0009865587902998913,0.0033331304512812104,8.466138210043096e-05,train_label4_src002_04.csv,4,4,0.9789241513898296,2,0.013654955516954864,0.9652691958728747,1,300,400,3,0.03,0.9,0.8,1.0,0.05
train_label4_src004_04,2.9264586844395232e-05,0.000901353123168441,0.003151546481427842,8.439901909295385e-05,0.9891220824692839,0.0038985104619832685,0.0008396365029189075,0.001948411456865987,2.4789957640149945e-05,train_label4_src004_04.csv,4,4,0.9891220824692839,5,0.0038985104619832685,0.9852235720073006,1,300,400,3,0.03,0.9,0.8,1.0,0.05
train_label4_src004_05,7.885782505709162e-06,0.0014142811946791186,0.0006447666430606767,0.00027817290641886296,0.9958683867608348,0.0007823505470158673,0.000944761978712694,4.483964164714424e-05,1.4556161698247481e-05,train_label4_src004_05.csv,4,4,0.9958683867608348,1,0.0014142811946791186,0.9944541055661557,1,300,400,3,0.03,0.9,0.8,1.0,0.05
train_label4_src005_02,5.144159205238177e-05,0.0015079054855666454,0.0013067302144175114,0.00047616475280015967,0.9952297178647851,0.0003205916513917312,0.0009578748187425756,4.470826731830452e-05,0.0001048646268993976,train_label4_src005_02.csv,4,4,0.9952297178647851,1,0.0015079054855666454,0.9937218123792184,1,300,400,3,0.03,0.9,0.8,1.0,0.05
train_label4_src005_05,6.604451740596204e-05,0.0012541853756110573,0.00032837579540985945,6.054472160813216e-05,0.9963509068694166,0.001044806810676418,0.0008729093799477703,8.800973697968098e-06,1.3423221851612212e-05,train_label4_src005_05.csv,4,4,0.9963509068694166,1,0.0012541853756110573,0.9950967214938056,1,300,400,3,0.03,0.9,0.8,1.0,0.05
train_label5_src002_02,0.00011320542661676256,0.10331597722727576,0.011086149588390003,0.0006246070651413706,0.06934236168801304,0.6668714882545573,0.14802900443895048,0.00030466549627993617,0.00031253408554622055,train_label5_src002_02.csv,5,5,0.6668714882545573,6,0.14802900443895048,0.5188424838156068,1,300,400,3,0.03,0.9,0.8,1.0,0.05
train_label5_src002_05,0.0001597346632401221,0.0912915591641219,0.024609224730132457,0.002096109323540605,0.044573230995616366,0.6611828614947617,0.1735485983807193,0.0022053731256008137,0.0003333047655712195,train_label5_src002_05.csv,5,5,0.6611828614947617,6,0.1735485983807193,0.4876342631140424,1,300,400,3,0.03,0.9,0.8,1.0,0.05
train_label5_src003_05,0.00015355363066974146,0.24602445955162927,0.005335805661591728,0.004177801302723056,0.021017730603137264,0.4542625419875627,0.2683180036756801,0.0003018125857105128,0.00040828661720845183,train_label5_src003_05.csv,5,5,0.4542625419875627,6,0.2683180036756801,0.18594453831188262,1,300,400,3,0.03,0.9,0.8,1.0,0.05
train_label6_src001_02,0.0009684582215531038,0.19947199980097433,0.1404543466520526,0.0026933023210374578,0.1756666943591128,0.09629869099295828,0.3831343230220579,0.0007917548918480714,0.000520431846086066,train_label6_src001_02.csv,6,6,0.3831343230220579,1,0.19947199980097433,0.18366232322108358,1,300,400,3,0.03,0.9,0.8,1.0,0.05
train_label6_src002_02,0.0002658907790362875,0.17464292105487597,0.009962317110690217,0.013293733975539604,0.03164382213826782,0.1915946562439003,0.577668966785554,0.0005352632355405598,0.00039242374537367455,train_label6_src002_02.csv,6,6,0.577668966785554,5,0.1915946562439003,0.38607431054165375,1,300,400,3,0.03,0.9,0.8,1.0,0.05
train_label6_src003_01,0.0029426824577028802,0.14953515362194789,0.14042916278084439,0.0057132024204068045,0.22363546943312052,0.06985532532956812,0.40609345961642523,0.0008889728143463231,0.0009065709483336597,train_label6_src003_01.csv,6,6,0.40609345961642523,4,0.22363546943312052,0.18245799018330472,1,300,400,3,0.03,0.9,0.8,1.0,0.05
train_label7_src001_01,0.0005883443746013224,0.06788324299318496,0.079647867294449,0.008948697415944088,0.016861810352370363,0.054343592598959205,0.15811757814897706,0.6131227843817674,0.0004860817852527215,train_label7_src001_01.csv,7,7,0.6131227843817674,6,0.15811757814897706,0.4550052062327903,1,300,400,3,0.03,0.9,0.8,1.0,0.05
train_label7_src001_06,0.00030340149885066034,0.04603857922077339,0.29925293345204607,0.0024128094517690962,0.024725931923165516,0.08754030918929055,0.01096965026445887,0.5285747338046309,0.00018164999884354846,train_label7_src001_06.csv,7,7,0.5285747338046309,2,0.29925293345204607,0.22932180035258487,1,300,400,3,0.03,0.9,0.8,1.0,0.05
train_label8_src001_04,0.00010846836381529346,0.0014644175994313843,0.000452740058037346,0.00031277640242009395,0.001218347012200543,0.0002190663567147254,0.0034796334449477212,2.0705956477550282e-05,0.9927238424619039,train_label8_src001_04.csv,8,8,0.9927238424619039,6,0.0034796334449477212,0.9892442090169562,1,300,400,3,0.03,0.9,0.8,1.0,0.05
train_label0_src001_02,0.9335889447159985,0.008930008885355526,0.012911829204841201,0.00012998611863358452,0.005948028252904443,0.0002778167625815171,0.03809537391443687,7.747395325926239e-05,4.053949604802119e-05,train_label0_src001_02.csv,0,0,0.9335889447159985,6,0.03809537391443687,0.8954935708015617,2,300,400,3,0.03,0.9,0.8,1.0,0.05
train_label1_src001_01,0.00022454892165623406,0.3838011888006041,0.01420402715623539,0.0024639885000739326,0.03936624006238035,0.26532991599011163,0.2928409589234219,0.0014745180647800205,0.0002946120736743724,train_label1_src001_01.csv,1,1,0.3838011888006041,6,0.2928409589234219,0.09096022987718222,2,300,400,3,0.03,0.9,0.8,1.0,0.05
train_label1_src001_06,0.0018535790753254156,0.24619782171262208,0.42622127490098116,0.0208776979506897,0.05201418231171306,0.08840852596306352,0.09798534160419818,0.06409588124683147,0.002345697688920203,train_label1_src001_06.csv,1,2,0.42622127490098116,1,0.24619782171262208,0.18002345318835908,2,300,400,3,0.03,0.9,0.8,1.0,0.05
train_label1_src002_04,0.0003118701058537549,0.37908511985373755,0.16723804247205057,0.003987628704322482,0.031160776928988516,0.1245789800329955,0.270049110836079,0.023207307364779113,0.00038116893831825744,train_label1_src002_04.csv,1,1,0.37908511985373755,6,0.270049110836079,0.10903600901765853,2,300,400,3,0.03,0.9,0.8,1.0,0.05
train_label1_src003_03,0.0006318519913537618,0.6440422360294609,0.03270847889875132,0.0026496543645388097,0.06705425483404949,0.07690657309934958,0.1740619682917191,0.0013804497117156623,0.0005645337447296247,train_label1_src003_03.csv,1,1,0.6440422360294609,6,0.1740619682917191,0.46998026773774176,2,300,400,3,0.03,0.9,0.8,1.0,0.05
train_label1_src004_02,0.0002369527935888493,0.4998500130029135,0.005649251966632062,0.006005799454156189,0.023395261797373012,0.1975055416465126,0.26550427924401016,0.0015456492323190556,0.00030725174789255613,train_label1_src004_02.csv,1,1,0.4998500130029135,6,0.26550427924401016,0.23434573375890333,2,300,400,3,0.03,0.9,0.8,1.0,0.05
train_label1_src004_04,0.00012700489692814632,0.8416968718651803,0.007167592316725722,0.00109538493361274,0.022903294655524434,0.060457025259286944,0.06572353382474713,0.0007328099989301277,9.648045940388505e-05,train_label1_src004_04.csv,1,1,0.8416968718651803,6,0.06572353382474713,0.7759733380404331,2,300,400,3,0.03,0.9,0.8,1.0,0.05
train_label2_src001_06,0.0007353658758548072,0.03223601228279632,0.15054371987058912,0.018764777855184187,0.02191758696340345,0.028623218821350396,0.04565085327222703,0.7011399903931697,0.0003884722383161481,train_label2_src001_06.csv,2,7,0.7011399903931697,2,0.15054371987058912,0.5505962705225805,2,300,400,3,0.03,0.9,0.8,1.0,0.05
train_label2_src002_06,0.0003750068712453026,3.699549645433009e-05,0.9984019757598959,0.0009159295630681339,5.868794834250659e-05,3.5263905491803836e-05,6.690169719012795e-05,7.964098799137539e-05,2.95961200032663e-05,train_label2_src002_06.csv,2,2,0.9984019757598959,3,0.0009159295630681339,0.9974860461968277,2,300,400,3,0.03,0.9,0.8,1.0,0.05
train_label2_src003_06,0.0007434013511081952,0.05373480548689102,0.6754255187447353,0.0017959006034347581,0.05513816383593435,0.001590705549675985,0.21070568988560348,0.0004492345519939854,0.0004165749233389536,train_label2_src003_06.csv,2,2,0.6754255187447353,6,0.21070568988560348,0.4647198288591319,2,300,400,3,0.03,0.9,0.8,1.0,0.05
train_label2_src004_05,0.000286183068450682,0.0008123590489968367,0.9974703455484042,6.312049221358843e-05,0.0003731690441234468,0.00013330096423673515,0.000622003889230821,2.0731248891983126e-05,0.00021878363043870976,train_label2_src004_05.csv,2,2,0.9974703455484042,1,0.0008123590489968367,0.9966579864994074,2,300,400,3,0.03,0.9,0.8,1.0,0.05
train_label2_src005_03,2.5118171604219086e-06,7.436776368488227e-05,0.9991871201863853,7.822996248964906e-05,4.545486429192987e-05,0.00010598393419058993,0.00027645731684207284,9.557098036889182e-05,0.00013430420292406193,train_label2_src005_03.csv,2,2,0.9991871201863853,6,0.00027645731684207284,0.9989106628695432,2,300,400,3,0.03,0.9,0.8,1.0,0.05
train_label2_src005_05,1.7430748571509915e-05,0.0004073990902363358,0.9859901461549985,0.0024059215131704255,0.0002909542298600358,0.008005675689311965,0.0020724134535343454,0.00016565043497198482,0.0006444118187436708,train_label2_src005_05.csv,2,2,0.9859901461549985,5,0.008005675689311965,0.9779844704656865,2,300,400,3,0.03,0.9,0.8,1.0,0.05
train_label2_src005_06,6.420887997083683e-06,0.001565210335175707,0.9942301127218431,4.864437539831132e-05,0.0007189654265417748,0.001657288645728058,0.0013445574060765907,9.764336638703929e-05,0.0003311573144396447,train_label2_src005_06.csv,2,2,0.9942301127218431,5,0.001657288645728058,0.9925728240761151,2,300,400,3,0.03,0.9,0.8,1.0,0.05
train_label3_src002_06,7.830828762571302e-06,0.00016071034234075966,0.00021986350256283718,0.9987057460251675,0.0004144507361405719,0.0003086800759735515,0.000148924913935511,1.655469881742285e-05,1.723905902582051e-05,train_label3_src002_06.csv,3,3,0.9987057460251675,4,0.0004144507361405719,0.9982912952890269,2,300,400,3,0.03,0.9,0.8,1.0,0.05
train_label3_src003_05,9.190329036858114e-06,0.00036271864335366867,0.00013976595374681707,0.998610911830779,0.000196718149582207,0.0003068216542634482,0.0002963223885143957,2.1366572958848787e-05,5.618332815546275e-05,train_label3_src003_05.csv,3,3,0.998610911830779,1,0.00036271864335366867,0.9982481931874253,2,300,400,3,0.03,0.9,0.8,1.0,0.05
train_label3_src004_04,9.044813971188408e-06,0.00021430400468694467,0.0005290055916937549,0.9983609446915247,0.0003778602675533533,0.0002798227041073191,0.00014485401186570387,7.412628813517097e-05,1.0036400058979976e-05,train_label3_src004_04.csv,3,3,0.9983609446915247,2,0.0005290055916937549,0.9978319390998309,2,300,400,3,0.03,0.9,0.8,1.0,0.05
train_label3_src005_02,5.919626286540538e-06,0.00024747830391260643,0.0002601273171353324,0.9984022276375883,0.00029719910604418607,0.0006206659043293198,0.0001393851543393647,7.594592838730571e-06,1.940012411831694e-05,train_label3_src005_02.csv,3,3,0.9984022276375883,5,0.0006206659043293198,0.997781561733259,2,300,400,3,0.03,0.9,0.8,1.0,0.05
train_label4_src001_02,0.000523396477762216,0.2051132288579929,0.059964239244319255,0.0014656333277275491,0.288987745200434,0.10835619237656818,0.3342944853638689,0.0009065582550833189,0.0003885190439402606,train_label4_src001_02.csv,4,6,0.3342944853638689,4,0.288987745200434,0.04530674016343489,2,300,400,3,0.03,0.9,0.8,1.0,0.05
train_label4_src001_03,0.0003025328489056064,0.18540168200104412,0.02134145969263358,0.001533415604103294,0.36058175106663054,0.13368428432307067,0.29615809805490956,0.0007262397543023345,0.00027053826275361093,train_label4_src001_03.csv,4,4,0.36058175106663054,6,0.29615809805490956,0.06442365301172098,2,300,400,3,0.03,0.9,0.8,1.0,0.05
train_label4_src002_05,1.3038408993178495e-05,0.0005459674078250123,0.00011662017226704867,0.00014518039824906737,0.9969433526838979,0.0005527240538222325,0.0011309186063621754,0.0005444702593752393,7.729715860243172e-06,train_label4_src002_05.csv,4,4,0.9969433526838979,6,0.0011309186063621754,0.9958124340775357,2,300,400,3,0.03,0.9,0.8,1.0,0.05
train_label4_src003_01,1.2659859929885653e-05,0.0005277831370877202,0.00014934582205931155,0.00011772772811900234,0.9968562920888265,0.0013622705483094348,0.0008124673938734197,0.00015546057374615308,5.991239954367898e-06,train_label4_src003_01.csv,4,4,0.9968562920888265,5,0.0013622705483094348,0.9954940215405171,2,300,400,3,0.03,0.9,0.8,1.0,0.05
train_label4_src003_05,1.1844541433909458e-05,0.0014572511467787247,0.0005077336655406442,0.00012802895810548967,0.995327373345693,0.0012970479713472467,0.0011265827079994543,0.00013016909472372067,1.3965404524506378e-05,train_label4_src003_05.csv,4,4,0.995327373345693,1,0.0014572511467787247,0.9938701221989142,2,300,400,3,0.03,0.9,0.8,1.0,0.05
train_label4_src004_06,5.629177058513197e-05,0.0016504167094050597,0.0007877097251043926,0.00034379473183963134,0.9953935377059444,0.00044107870710450377,0.0010616959135864251,0.0001093866632839318,0.00015609279239714685,train_label4_src004_06.csv,4,4,0.9953935377059444,1,0.0016504167094050597,0.9937431209965394,2,300,400,3,0.03,0.9,0.8,1.0,0.05
train_label5_src001_02,0.00026113384844774694,0.08173214037832553,0.017758999027058943,0.003055588360771791,0.03128394492030624,0.46024826169013977,0.39911930259287115,0.006258274495829478,0.0002823488583148461,train_label5_src001_02.csv,5,5,0.46024826169013977,6,0.39911930259287115,0.06112895909726862,2,300,400,3,0.03,0.9,0.8,1.0,0.05
train_label5_src002_04,0.0006242231278158352,0.1931225770210687,0.015143611960636292,0.0013575099612588078,0.07131187947246656,0.3142507516889162,0.4027059828306759,0.0010381510511320146,0.0004453159733143806,train_label5_src002_04.csv,5,6,0.4027059828306759,5,0.3142507516889162,0.08845523114175968,2,300,400,3,0.03,0.9,0.8,1.0,0.05
train_label5_src002_06,0.00035152918679315955,0.0675145626013037,0.053314733285264745,0.0013038896090082383,0.13623760703460425,0.6600414262984389,0.05443620050272163,0.026476205497044335,0.0003238474977215153,train_label5_src002_06.csv,5,5,0.6600414262984389,4,0.13623760703460425,0.5238038192638346,2,300,400,3,0.03,0.9,0.8,1.0,0.05
train_label5_src003_03,0.00016179992416675637,0.06769119146259962,0.01811031024564766,0.0015552499952454742,0.026016233722373883,0.6637288243459758,0.21810262528954133,0.0042745753569135405,0.0003591899073975954,train_label5_src003_03.csv,5,5,0.6637288243459758,6,0.21810262528954133,0.44562619905643447,2,300,400,3,0.03,0.9,0.8,1.0,0.05
train_label6_src001_01,0.0004921800917595305,0.16185897712906203,0.048678286709091675,0.005087736234199056,0.06437989527619975,0.0913268932021193,0.6257431721815498,0.0018681324905745924,0.0005647276421152656,train_label6_src001_01.csv,6,6,0.6257431721815498,1,0.16185897712906203,0.4638841950524878,2,300,400,3,0.03,0.9,0.8,1.0,0.05
train_label6_src002_04,0.0006288584917583452,0.14640915101414087,0.11240547856876767,0.0032854630838408667,0.1352358265349301,0.09701443132844263,0.5024588640018176,0.0020514727483743863,0.000510453194585098,train_label6_src002_04.csv,6,6,0.5024588640018176,1,0.14640915101414087,0.35604971298767674,2,300,400,3,0.03,0.9,0.8,1.0,0.05
train_label6_src003_02,0.0003868897781289253,0.08102162304504584,0.010898962742098237,0.02144037465494807,0.025451141399561717,0.2607638075452058,0.5962392876866043,0.003248198762766376,0.0005497186790816285,train_label6_src003_02.csv,6,6,0.5962392876866043,5,0.2607638075452058,0.3354754801413985,2,300,400,3,0.03,0.9,0.8,1.0,0.05
train_label7_src001_02,0.0001669844657328056,0.013327072021521388,0.36371520008661495,0.0011850498104718343,0.008349167609897753,0.01379236241915859,0.0033350242987169976,0.5960618861580408,6.725727331696919e-05,train_label7_src001_02.csv,7,7,0.5960618861580408,2,0.36371520008661495,0.23234668607142583,2,300,400,3,0.03,0.9,0.8,1.0,0.05
train_label7_src001_04,0.0003717957806265888,0.02866829523781655,0.21029567950710615,0.005787816357589828,0.021016796501303312,0.05804613744464492,0.007874558381210532,0.66781166420188,0.00012725720991648394,train_label7_src001_04.csv,7,7,0.66781166420188,2,0.21029567950710615,0.45751598469477384,2,300,400,3,0.03,0.9,0.8,1.0,0.05
train_label0_src001_03,0.9946239923918119,0.0008513066379080516,0.0008435756450341213,2.3596348396935236e-05,0.0005353008617079936,4.52623007731745e-05,0.0030608004333341236,1.2884329268467076e-05,3.282304774490503e-06,train_label0_src001_03.csv,0,0,0.9946239923918119,6,0.0030608004333341236,0.9915631919584778,3,300,400,3,0.03,0.9,0.8,1.0,0.05
train_label1_src001_02,0.0004572174179346441,0.568933494469171,0.014068347529598301,0.0028951028812556497,0.10930000740273665,0.04513377160765231,0.2575788694203541,0.0013303633908220438,0.00030283025254355245,train_label1_src001_02.csv,1,1,0.568933494469171,6,0.2575788694203541,0.3113546250488169,3,300,400,3,0.03,0.9,0.8,1.0,0.05
train_label1_src002_01,0.0002172281183643512,0.8350738527313355,0.006910435735217987,0.0016014600142596229,0.028900361557300854,0.05017202932910834,0.07393855294112557,0.002991720353865305,0.00019436036824137324,train_label1_src002_01.csv,1,1,0.8350738527313355,6,0.07393855294112557,0.7611352997902099,3,300,400,3,0.03,0.9,0.8,1.0,0.05
train_label1_src003_01,0.00029605961024435114,0.4484104647110867,0.00847293747656588,0.0030887823130044166,0.05516842382168898,0.13610199849642013,0.3454321318015616,0.00282615442409478,0.0002030524361954679,train_label1_src003_01.csv,1,1,0.4484104647110867,6,0.3454321318015616,0.10297833290952507,3,300,400,3,0.03,0.9,0.8,1.0,0.05
train_label1_src003_04,0.00035559236623098955,0.4542118498394566,0.013743215207991901,0.003610320843040182,0.07660493298724133,0.15749676012614322,0.28940739522698106,0.004333117206002616,0.00023681806831968627,train_label1_src003_04.csv,1,1,0.4542118498394566,6,0.28940739522698106,0.16480445461247556,3,300,400,3,0.03,0.9,0.8,1.0,0.05
train_label1_src004_05,0.00033571977478801587,0.764009327016851,0.008285197363171216,0.0023058710250689306,0.04250825131787688,0.06969857890182675,0.11086417391385522,0.001889556662307211,0.00010332062320426352,train_label1_src004_05.csv,1,1,0.764009327016851,6,0.11086417391385522,0.6531451531029957,3,300,400,3,0.03,0.9,0.8,1.0,0.05
train_label2_src001_03,0.0007207767310133657,0.1522759456691014,0.4139500072035658,0.0029871936285123793,0.030395481622182034,0.16884756844956428,0.10788755688491786,0.12257138583413263,0.0003640815896428697,train_label2_src001_03.csv,2,2,0.4139500072035658,5,0.16884756844956428,0.2451024387540015,3,300,400,3,0.03,0.9,0.8,1.0,0.05
train_label2_src002_02,0.0006995329527188748,0.00019342019004398026,0.9952573724972305,0.0024856491127334315,6.429162345661079e-05,0.0006933067851243459,0.0003221525065420929,0.0002560381419771734,2.8241484261020708e-05,train_label2_src002_02.csv,2,2,0.9952573724972305,3,0.0024856491127334315,0.992771723384497,3,300,400,3,0.03,0.9,0.8,1.0,0.05
train_label2_src003_01,0.000276403332180209,0.03862626980852476,0.624543346604833,0.0007318569746970634,0.05960003685166118,0.0016290202388078005,0.2737878555612218,0.0006461825224036029,0.000159032125525887,train_label2_src003_01.csv,2,2,0.624543346604833,6,0.2737878555612218,0.3507554910436112,3,300,400,3,0.03,0.9,0.8,1.0,0.05
train_label2_src004_01,2.804613791340671e-05,0.001332872356626115,0.9943357110023499,2.1783807452627887e-05,0.0006878833322139878,0.0002265943267536963,0.001993462785712934,7.856725554814548e-05,0.0012950823987804114,train_label2_src004_01.csv,2,2,0.9943357110023499,6,0.001993462785712934,0.992342248216637,3,300,400,3,0.03,0.9,0.8,1.0,0.05
train_label2_src004_04,6.74589439680154e-05,0.0004123917912879098,0.9986781747110428,7.02530634112253e-05,9.065651561628641e-05,4.950533227485565e-05,0.0003799125358934254,8.105514712286837e-05,0.0001705908378484779,train_label2_src004_04.csv,2,2,0.9986781747110428,1,0.0004123917912879098,0.9982657829197549,3,300,400,3,0.03,0.9,0.8,1.0,0.05
train_label2_src005_04,6.688790414065357e-06,0.0004978353148329407,0.9987671093274189,0.00010155405028834589,8.516418093158888e-05,5.903245650559804e-05,0.0002936160813714127,4.5260055925101244e-05,0.00014373949967995688,train_label2_src005_04.csv,2,2,0.9987671093274189,1,0.0004978353148329407,0.9982692740125859,3,300,400,3,0.03,0.9,0.8,1.0,0.05
train_label3_src001_02,3.7091380608050896e-05,8.090356692186086e-05,0.0005502547609985316,0.9983422262694246,4.492720145990656e-05,2.9567200179234954e-05,0.00010140142344474738,0.0002947876827645188,0.0005188386481110086,train_label3_src001_02.csv,3,3,0.9983422262694246,2,0.0005502547609985316,0.997791971508426,3,300,400,3,0.03,0.9,0.8,1.0,0.05
train_label3_src002_02,1.6810105465435386e-05,0.0003815350727984301,0.00012872412543235627,0.998243377413801,0.00033702540296813355,0.0005225954570754941,0.00033102316455790393,1.2146931083172544e-05,2.6760177268941687e-05,train_label3_src002_02.csv,3,3,0.998243377413801,5,0.0005225954570754941,0.9977207819567255,3,300,400,3,0.03,0.9,0.8,1.0,0.05
train_label3_src003_03,2.5662163304860448e-05,0.00042589317359592295,0.0010835596517364304,0.9971317123341304,0.0001583765235057311,6.016955000720167e-05,0.00034286510137501876,0.0005495082970556204,0.00022225473505706897,train_label3_src003_03.csv,3,3,0.9971317123341304,2,0.0010835596517364304,0.996048152682394,3,300,400,3,0.03,0.9,0.8,1.0,0.05
train_label3_src004_01,2.5989951587513544e-05,0.0003567831636930976,0.0001745910870937145,0.998046387267369,0.0005233687951394747,0.0005565729598240596,0.000289426980851849,1.0313443219215955e-05,1.6561581368458514e-05,train_label3_src004_01.csv,3,3,0.998046387267369,5,0.0005565729598240596,0.997489814307545,3,300,400,3,0.03,0.9,0.8,1.0,0.05
train_label3_src004_05,4.084491804430292e-06,0.00015397722565604034,0.0011899698970361202,0.9978253495308661,0.0001577107558200281,0.00012703980981861743,9.51958384781216e-05,0.0004447827140338436,1.8905091929389195e-06,train_label3_src004_05.csv,3,3,0.9978253495308661,2,0.0011899698970361202,0.99663537963383,3,300,400,3,0.03,0.9,0.8,1.0,0.05
train_label3_src005_04,4.093043307582247e-06,0.00014627735846818636,0.0010444453302664452,0.9979562394080623,0.00015222628124281063,0.00018767060910543097,9.21736643533066e-05,0.0004149679741096152,1.909051487443996e-06,train_label3_src005_04.csv,3,3,0.9979562394080623,2,0.0010444453302664452,0.9969117940777958,3,300,400,3,0.03,0.9,0.8,1.0,0.05
train_label4_src001_05,0.0014082751590796115,0.14366033525075964,0.13275395626182196,0.003908784520531935,0.12384615980729621,0.09204540616251848,0.4998082494543445,0.002098275568231099,0.0004705576871093663,train_label4_src001_05.csv,4,6,0.4998082494543445,1,0.14366033525075964,0.3561479142035848,3,300,400,3,0.03,0.9,0.8,1.0,0.05
train_label4_src002_06,5.749166020709659e-06,0.0004922574162558322,6.305301881624356e-05,8.04585043399755e-05,0.99331751754207,0.005106908201317613,0.0007728040453061581,0.00015805322626513,3.1956357243841688e-06,train_label4_src002_06.csv,4,4,0.99331751754207,5,0.005106908201317613,0.9882106093407523,3,300,400,3,0.03,0.9,0.8,1.0,0.05
train_label4_src003_02,3.792242315744603e-06,0.000922297338782359,0.00018125671097853532,2.8816363561828995e-05,0.9962523329642511,0.0016926792426778365,0.0008558718786795213,5.725123889621294e-05,5.699006103123373e-06,train_label4_src003_02.csv,4,4,0.9962523329642511,5,0.0016926792426778365,0.9945596537215733,3,300,400,3,0.03,0.9,0.8,1.0,0.05
train_label4_src003_06,2.1459618151751664e-05,0.0010719281838460755,0.0009435498322609322,2.513753277584798e-05,0.9961885053624389,0.0008946983410863541,0.0008208064668466367,2.4938849360149752e-05,8.975475776590242e-06,train_label4_src003_06.csv,4,4,0.9961885053624389,1,0.0010719281838460755,0.9951165771785928,3,300,400,3,0.03,0.9,0.8,1.0,0.05
train_label4_src004_03,1.2669906932045392e-05,0.0012311080429372528,0.0008380450402206231,0.0002327215060499692,0.995807098445072,0.0011329397190517436,0.0004465003954484478,0.00028998112858032746,8.935123560149805e-06,train_label4_src004_03.csv,4,4,0.995807098445072,1,0.0012311080429372528,0.9945759904021347,3,300,400,3,0.03,0.9,0.8,1.0,0.05
train_label4_src005_04,3.171153045308705e-05,0.0009303689337841246,0.001472279300111451,3.780654065282164e-05,0.9961685480610016,0.0006266416564348445,0.0006624051746902912,5.9826059162831724e-05,1.0415877688247228e-05,train_label4_src005_04.csv,4,4,0.9961685480610016,2,0.001472279300111451,0.9946962687608902,3,300,400,3,0.03,0.9,0.8,1.0,0.05
train_label5_src001_03,0.00014506453550883859,0.07563545358597591,0.12424608078154345,0.0021211178573139478,0.04146081715777156,0.5452632160396665,0.11047231799876568,0.10047167057935988,0.000184261993987308,train_label5_src001_03.csv,5,5,0.5452632160396665,2,0.12424608078154345,0.4210171352581231,3,300,400,3,0.03,0.9,0.8,1.0,0.05
train_label5_src001_06,0.0006953248721255213,0.10028672219449354,0.010349174548986978,0.010852441963315966,0.0256374431730208,0.7655035968749754,0.08279739096710678,0.002130537618961503,0.001747363587123458,train_label5_src001_06.csv,5,5,0.7655035968749754,1,0.10028672219449354,0.6652168746804819,3,300,400,3,0.03,0.9,0.8,1.0,0.05
train_label5_src003_04,0.0001189468183183244,0.06627047893976773,0.006142981945955125,0.0008484839473537924,0.04434946919378314,0.7163784263595459,0.1645440923185238,0.0010962386339635622,0.0002508780904360807,train_label5_src003_04.csv,5,5,0.7163784263595459,6,0.1645440923185238,0.5518343340410221,3,300,400,3,0.03,0.9,0.8,1.0,0.05
train_label5_src003_06,6.85051815551521e-05,0.0219965499390157,0.013469081646318408,0.01360191756694187,0.010708280554872447,0.8690839297668909,0.03579048759626945,0.02736638453244532,0.007914858480817397,train_label5_src003_06.csv,5,5,0.8690839297668909,6,0.03579048759626945,0.8332934421706214,3,300,400,3,0.03,0.9,0.8,1.0,0.05
train_label6_src001_05,0.006062307887615496,0.24152546219768062,0.11540852178649236,0.00469356542891292,0.09361117156923458,0.1691631423384552,0.3658307247584866,0.003092335223505694,0.0006127708640966004,train_label6_src001_05.csv,6,6,0.3658307247584866,1,0.24152546219768062,0.12430526256080598,3,300,400,3,0.03,0.9,0.8,1.0,0.05
train_label6_src002_06,0.0008240885001742431,0.24264037553020704,0.05897632846108047,0.005235980525212262,0.0930278599963233,0.1810710537948355,0.40402195115463546,0.013766113186745794,0.0004362476850679565,train_label6_src002_06.csv,6,6,0.40402195115463546,1,0.24264037553020704,0.16138157562442842,3,300,400,3,0.03,0.9,0.8,1.0,0.05
train_label6_src003_04,0.001598739966822748,0.2577402733506695,0.031961231332232234,0.015122001048087353,0.061441052624935745,0.2608955699139305,0.3628732627758416,0.007953356152841,0.0004145105431039107,train_label6_src003_04.csv,6,6,0.3628732627758416,5,0.2608955699139305,0.1019776928619111,3,300,400,3,0.03,0.9,0.8,1.0,0.05
train_label6_src003_06,0.00043635562491623224,0.12191889627325919,0.16853215708146974,0.003351872847590756,0.10502298530792037,0.10741587412313268,0.48956759290028645,0.003383556200611976,0.0003707130237417396,train_label6_src003_06.csv,6,6,0.48956759290028645,2,0.16853215708146974,0.3210354358188167,3,300,400,3,0.03,0.9,0.8,1.0,0.05
train_label8_src001_01,0.00018759611073189154,0.0032545905009472883,0.0004983088794922937,8.92760969974759e-05,0.0016293525548716906,0.00037643495420280654,0.005155125772455326,7.12955072954809e-05,0.9887380209020389,train_label8_src001_01.csv,8,8,0.9887380209020389,6,0.005155125772455326,0.9835828951295835,3,300,400,3,0.03,0.9,0.8,1.0,0.05
train_label8_src001_02,0.011316950947422166,0.06718645039592214,0.009455319958496763,0.0026884038842806433,0.0981093532803546,0.0029911320532807614,0.07393181465768946,0.002925845684536222,0.7313947248102356,train_label8_src001_02.csv,8,8,0.7313947248102356,4,0.0981093532803546,0.633285371529881,3,300,400,3,0.03,0.9,0.8,1.0,0.05
train_label8_src001_06,0.0012210741938801103,0.014006721114324185,0.01646020547047155,0.0025255641140838926,0.009398759061549489,0.0010543923545976936,0.01375436295449461,0.00063547162843988,0.940943448533935,train_label8_src001_06.csv,8,8,0.940943448533935,2,0.01646020547047155,0.9244832430634634,3,300,400,3,0.03,0.9,0.8,1.0,0.05
train_label0_src001_04,0.9846095401513321,0.001986782980947605,0.0010084379846766849,2.678955349428404e-05,0.001966979840622654,0.00010908525592806469,0.010272153882279752,1.2608993993810772e-05,7.615899720246577e-06,train_label0_src001_04.csv,0,0,0.9846095401513321,6,0.010272153882279752,0.9743373862690523,4,300,400,3,0.03,0.9,0.8,1.0,0.05
train_label1_src001_03,0.0005596188784302188,0.5905960477808471,0.03973274890794068,0.0007842209309675,0.12298741189622751,0.06896766166763521,0.1753782645188352,0.0006812874014021188,0.00031273901565513645,train_label1_src001_03.csv,1,1,0.5905960477808471,6,0.1753782645188352,0.41521778326201186,4,300,400,3,0.03,0.9,0.8,1.0,0.05
train_label1_src002_02,0.00019044117574575005,0.7813693887443953,0.07059747355950055,0.0007648798286594371,0.010926333361215169,0.1146659362918487,0.011528120851845191,0.009808585995004603,0.0001488380735428373,train_label1_src002_02.csv,1,1,0.7813693887443953,5,0.1146659362918487,0.6667034524525466,4,300,400,3,0.03,0.9,0.8,1.0,0.05
train_label1_src003_06,0.000703860484082402,0.6479140427163852,0.03701702086254954,0.0011820996158896514,0.0672624439842278,0.07214843483281232,0.17270022875038527,0.0006929222918090521,0.0003789450398393436,train_label1_src003_06.csv,1,1,0.6479140427163852,6,0.17270022875038527,0.47521381396599993,4,300,400,3,0.03,0.9,0.8,1.0,0.05
train_label1_src004_03,0.0002479690188059761,0.8374134686685377,0.015202907347796304,0.0009761428316054936,0.02103274109553025,0.029912747986150293,0.09323800265819075,0.001727646744335308,0.00024837420252918504,train_label1_src004_03.csv,1,1,0.8374134686685377,6,0.09323800265819075,0.744175466010347,4,300,400,3,0.03,0.9,0.8,1.0,0.05
train_label2_src001_01,4.102789052090903e-05,0.011781062417750007,0.7540479477054329,0.00024455269020461036,0.0069145115072994185,0.018992141283908047,0.0020473765926585803,0.205896677880583,3.470332964058397e-05,train_label2_src001_01.csv,2,2,0.7540479477054329,7,0.205896677880583,0.54815126982485,4,300,400,3,0.03,0.9,0.8,1.0,0.05
train_label2_src001_04,6.198599411647827e-05,0.025280953082162137,0.617090519597774,0.0026639473616273546,0.010501700305906926,0.0719056348256912,0.004745903356540297,0.2676866722326996,6.268606948994005e-05,train_label2_src001_04.csv,2,2,0.617090519597774,7,0.2676866722326996,0.34940384736507435,4,300,400,3,0.03,0.9,0.8,1.0,0.05
train_label2_src002_03,0.0006132838688702294,0.00013593777522703844,0.9980282392553104,0.0005770023835207065,4.515849198674738e-05,0.00010126422000789179,0.0004152692464397474,5.3050803852715697e-05,3.0785878245433684e-05,train_label2_src002_03.csv,2,2,0.9980282392553104,0,0.0006132838688702294,0.9974149553864401,4,300,400,3,0.03,0.9,0.8,1.0,0.05
train_label2_src003_02,3.6273804775563444e-06,0.002067992123224402,0.9909718305833878,1.997085658536713e-05,0.00047784894629712064,0.0026710039400245234,0.003742032426597816,4.1456977674330434e-05,4.235748632396202e-06,train_label2_src003_02.csv,2,2,0.9909718305833878,6,0.003742032426597816,0.98722979815679,4,300,400,3,0.03,0.9,0.8,1.0,0.05
train_label2_src003_05,0.0006270226643635162,0.0449623067078421,0.6874708419525495,0.0008929488069571239,0.04184303680148166,0.0026746451878489584,0.22086602983926173,0.00038545830721564163,0.000277697985937618,train_label2_src003_05.csv,2,2,0.6874708419525495,6,0.22086602983926173,0.46660481211328775,4,300,400,3,0.03,0.9,0.8,1.0,0.05
train_label2_src004_06,0.00011877697246628457,0.0009783557393983687,0.9943253949124325,0.0014417148465317266,0.0005267544160800441,0.0001702718980067725,0.0015495776100852778,3.553604453069662e-05,0.0008536142613788846,train_label2_src004_06.csv,2,2,0.9943253949124325,6,0.0015495776100852778,0.9927758173023473,4,300,400,3,0.03,0.9,0.8,1.0,0.05
train_label3_src001_03,0.0007360289962434763,0.025795634936315842,0.020457642561610867,0.8298845648845677,0.0027692726917917087,0.0018938430020689241,0.0018347133991678723,0.005630569788492369,0.11099772976652236,train_label3_src001_03.csv,3,3,0.8298845648845677,8,0.11099772976652236,0.7188868351180454,4,300,400,3,0.03,0.9,0.8,1.0,0.05
train_label3_src001_05,0.0006999263233479059,0.046219869591075095,0.015063643211565201,0.5716069907948915,0.010869831902152415,0.12823758515102088,0.11969539839089022,0.10737044650419701,0.00023630998679612775,train_label3_src001_05.csv,3,3,0.5716069907948915,5,0.12823758515102088,0.4433694056438706,4,300,400,3,0.03,0.9,0.8,1.0,0.05
train_label3_src002_04,1.0196275801502854e-05,0.00018934737892523508,0.00017227931808735375,0.9988524881742333,0.00039879152014906646,0.00023792883805208965,0.0001257735070452014,4.3597766644750426e-06,8.840376379935982e-06,train_label3_src002_04.csv,3,3,0.9988524881742333,4,0.00039879152014906646,0.9984536966540842,4,300,400,3,0.03,0.9,0.8,1.0,0.05
train_label3_src003_01,1.3064747949962327e-06,0.0002282296491396283,5.9341381715331476e-05,0.9987485287010028,0.0001777467199038559,0.0006640761620014586,0.00010893255208058143,1.0431082418969015e-05,1.408767124308157e-06,train_label3_src003_01.csv,3,3,0.9987485287010028,5,0.0006640761620014586,0.9980844525390014,4,300,400,3,0.03,0.9,0.8,1.0,0.05
train_label3_src004_02,1.465964673512175e-05,0.00019768773074579796,0.000158021917702162,0.9988916112530616,0.00038104424506904034,0.00021324540542874245,0.00013084087487352732,4.777066760897303e-06,8.112424223728213e-06,train_label3_src004_02.csv,3,3,0.9988916112530616,4,0.00038104424506904034,0.9985105670079926,4,300,400,3,0.03,0.9,0.8,1.0,0.05
train_label3_src004_06,6.674688920587067e-06,0.00021650617903408906,0.0001652605111616218,0.9991783262580953,0.00012882086617361393,0.00016828258862573107,0.0001326309850233512,2.3878320995228484e-06,1.1094931716299118e-06,train_label3_src004_06.csv,3,3,0.9991783262580953,1,0.00021650617903408906,0.9989618200790612,4,300,400,3,0.03,0.9,0.8,1.0,0.05
train_label3_src005_05,1.4128653904990838e-05,0.00018257081644141405,0.00012139528987444788,0.9990234375,0.0003311982713527076,0.00020960831066028037,0.00010079988499856755,6.744560022848271e-06,1.0128535272483972e-05,train_label3_src005_05.csv,3,3,0.9990234375,4,0.0003311982713527076,0.9986922392286472,4,300,400,3,0.03,0.9,0.8,1.0,0.05
train_label4_src001_04,0.000685525340496272,0.18209726555693534,0.11424633210665115,0.001336529524871699,0.10358219185183125,0.22338665538136998,0.37179746720138734,0.002447760830100085,0.000420273187124641,train_label4_src001_04.csv,4,6,0.37179746720138734,5,0.22338665538136998,0.14841081182001736,4,300,400,3,0.03,0.9,0.8,1.0,0.05
train_label4_src002_02,1.9753646590229877e-05,0.0009456368944650236,0.00344015877612213,1.5525849844820067e-05,0.9938673184764001,0.0011354799398466111,0.0005035785221499742,6.83628677066853e-05,4.181730583275234e-06,train_label4_src002_02.csv,4,4,0.9938673184764001,2,0.00344015877612213,0.990427159700278,4,300,400,3,0.03,0.9,0.8,1.0,0.05
train_label4_src003_03,3.453534269302968e-06,0.000771775502168263,0.0003709715054414588,1.3957177929779556e-05,0.9973327620055086,0.0007239673227803739,0.0007526902585185223,2.6127988255984258e-05,4.293807698500572e-06,train_label4_src003_03.csv,4,4,0.9973327620055086,1,0.000771775502168263,0.9965609865033404,4,300,400,3,0.03,0.9,0.8,1.0,0.05
train_label4_src004_01,3.2356613288083214e-05,0.0008988284104708983,8.29778490041981e-05,1.6996070616021102e-05,0.9973799067158853,0.0008563927580306421,0.0006893157812839334,3.826579884316156e-05,4.962930736309641e-06,train_label4_src004_01.csv,4,4,0.9973799067158853,1,0.0008988284104708983,0.9964810783054143,4,300,400,3,0.03,0.9,0.8,1.0,0.05
train_label4_src005_01,2.712072768513134e-06,0.001439451504128194,0.00011277073138454174,1.3660090404809252e-05,0.9966465151438149,0.0013066167634616416,0.0004523455740205483,2.2740640669062194e-05,3.1847153713799774e-06,train_label4_src005_01.csv,4,4,0.9966465151438149,1,0.001439451504128194,0.9952070636396867,4,300,400,3,0.03,0.9,0.8,1.0,0.05
train_label4_src005_06,3.0765254147506006e-05,0.0008979516675926104,0.0010677807590728926,4.5470166721208186e-05,0.996242198892819,0.0006203557994560607,0.001059753278280378,1.6146471347950553e-05,1.9575947115749497e-05,train_label4_src005_06.csv,4,4,0.996242198892819,2,0.0010677807590728926,0.9951744181337461,4,300,400,3,0.03,0.9,0.8,1.0,0.05
train_label5_src001_04,0.00011412937995187985,0.12846083913601794,0.00695239507573812,0.0007982780674063432,0.02169156860327348,0.7007452712584568,0.14038874110787786,0.0005710494206337038,0.00027772977233736686,train_label5_src001_04.csv,5,5,0.7007452712584568,6,0.14038874110787786,0.5603565301505788,4,300,400,3,0.03,0.9,0.8,1.0,0.05
train_label5_src002_03,0.00015714882869927947,0.07825253119251581,0.002156737560008262,0.0008178208928227598,0.016212029701476838,0.7057809083051579,0.19367341443856237,0.0025094611452415494,0.0004399540264305977,train_label5_src002_03.csv,5,5,0.7057809083051579,6,0.19367341443856237,0.5121074938665956,4,300,400,3,0.03,0.9,0.8,1.0,0.05
train_label5_src003_01,0.00011114434095537533,0.10520738248446686,0.07625855576176252,0.0011479175094576423,0.06298093243110274,0.6024416108485512,0.011858192860506855,0.13983945451144136,0.00015480724231008112,train_label5_src003_01.csv,5,5,0.6024416108485512,7,0.13983945451144136,0.4626021563371098,4,300,400,3,0.03,0.9,0.8,1.0,0.05
train_label6_src001_03,0.0003463528081474285,0.1937917908753759,0.016806184782356185,0.0013685759002973715,0.03498931308727591,0.21855196455914166,0.531052423020204,0.0027526482308824216,0.0003407458719667248,train_label6_src001_03.csv,6,6,0.531052423020204,5,0.21855196455914166,0.3125004584610623,4,300,400,3,0.03,0.9,0.8,1.0,0.05
train_label6_src001_06,0.0003990372897924415,0.15543855478366217,0.1254415866738606,0.0015052437528176733,0.11338028984685097,0.11796290287247269,0.48436186166219813,0.0010713477167100596,0.0004391743329301056,train_label6_src001_06.csv,6,6,0.48436186166219813,1,0.15543855478366217,0.328923306878536,4,300,400,3,0.03,0.9,0.8,1.0,0.05
train_label6_src002_05,0.00033997036457206973,0.21211042599652402,0.06136209075589494,0.0018254092597823229,0.0624989956737526,0.22317790899986542,0.43714554816164,0.0011399623976084054,0.000399687387686353,train_label6_src002_05.csv,6,6,0.43714554816164,5,0.22317790899986542,0.21396763916177455,4,300,400,3,0.03,0.9,0.8,1.0,0.05
train_label6_src003_03,0.0005095470120869978,0.13233959418471142,0.058197098491232724,0.0017761339362139903,0.06658763110497466,0.35894155849812814,0.37710165666035744,0.004180979126343323,0.0003658008434051167,train_label6_src003_03.csv,6,6,0.37710165666035744,5,0.35894155849812814,0.0181600981622293,4,300,400,3,0.03,0.9,0.8,1.0,0.05
train_label7_src001_05,0.00043649389469161787,0.09766433611812611,0.723216378320289,0.00407759915778829,0.013317556453428121,0.03400941889592877,0.009076774796290744,0.11798960556118418,0.00021183441810623458,train_label7_src001_05.csv,7,2,0.723216378320289,7,0.11798960556118418,0.6052267727591047,4,300,400,3,0.03,0.9,0.8,1.0,0.05
train_label8_src001_03,4.426746054573463e-05,0.0005741404165746644,0.00014466547368248292,0.0004206016851102142,0.00025569184799678624,4.308453941531855e-05,0.0005907374803447515,6.125896334197023e-06,0.9979206829942683,train_label8_src001_03.csv,8,8,0.9979206829942683,6,0.0005907374803447515,0.9973299455139235,4,300,400,3,0.03,0.9,0.8,1.0,0.05
train_label0_src001_05,0.9345408944608343,0.011667330298380005,0.004554582715847515,0.0007595613937429402,0.008457701820667372,0.00041464823155570966,0.03880793323223379,0.00014135994697352867,0.0006559879921995514,train_label0_src001_05.csv,0,0,0.9345408944608343,6,0.03880793323223379,0.8957329612286006,5,300,400,3,0.03,0.9,0.8,1.0,0.05
train_label1_src001_04,0.0003965970093411924,0.4883581077860248,0.023973514491151416,0.0014512279040871127,0.1529278489961339,0.1782173519016504,0.15269356162878134,0.0016278209789375704,0.0003539726224331115,train_label1_src001_04.csv,1,1,0.4883581077860248,5,0.1782173519016504,0.3101407558843744,5,300,400,3,0.03,0.9,0.8,1.0,0.05
train_label1_src002_05,0.0005176609883683243,0.5161159111447232,0.09034250737217966,0.004263107917116334,0.08162115687524439,0.11433615726518935,0.099700428590539,0.09253414108459238,0.0005689268930651177,train_label1_src002_05.csv,1,1,0.5161159111447232,5,0.11433615726518935,0.40177975387953385,5,300,400,3,0.03,0.9,0.8,1.0,0.05
train_label1_src002_06,0.00029441469214166267,0.6427825098076174,0.051775890838740374,0.0027650632076866685,0.08284482505092378,0.06170270276776645,0.1534505675857266,0.003896570388674899,0.00048745018358859333,train_label1_src002_06.csv,1,1,0.6427825098076174,6,0.1534505675857266,0.4893319422218908,5,300,400,3,0.03,0.9,0.8,1.0,0.05
train_label1_src003_05,0.002140830290035635,0.3628635501028389,0.04289984747627249,0.004194489088139787,0.1783128627525863,0.1199914449938543,0.28635577735320855,0.002371466054546056,0.0008697389898526292,train_label1_src003_05.csv,1,1,0.3628635501028389,6,0.28635577735320855,0.07650777274963033,5,300,400,3,0.03,0.9,0.8,1.0,0.05
train_label2_src001_02,7.387232101434644e-05,0.023865277677403905,0.3517210251621662,0.000806093721582319,0.0018286537552319381,0.08309564334605614,0.010033811834282166,0.5284953546379844,8.026623205755983e-05,train_label2_src001_02.csv,2,7,0.5284953546379844,2,0.3517210251621662,0.17677432947581817,5,300,400,3,0.03,0.9,0.8,1.0,0.05
train_label2_src001_05,7.303816524869544e-05,0.009830042848930574,0.6897930675136146,0.0020557374285686742,0.008272420672226636,0.07055340935657632,0.004399848769749678,0.21495642486514688,6.601257992129557e-05,train_label2_src001_05.csv,2,2,0.6897930675136146,7,0.21495642486514688,0.4748366426484677,5,300,400,3,0.03,0.9,0.8,1.0,0.05
train_label2_src002_05,0.00013688882424420264,5.026037365251962e-05,0.9978294103376327,0.0016598275063687093,1.2821832022245383e-05,4.593290393904192e-05,9.351075191604053e-05,0.00015145687673363573,1.989296382357337e-05,train_label2_src002_05.csv,2,2,0.9978294103376327,3,0.0016598275063687093,0.996169582831264,5,300,400,3,0.03,0.9,0.8,1.0,0.05
train_label2_src003_03,0.00033933005111384286,0.056962044008629475,0.6519246786752696,0.0011808894296825778,0.06994585105830113,0.032870107065670014,0.18509328315239174,0.0014410214936174514,0.00024280100753839502,train_label2_src003_03.csv,2,2,0.6519246786752696,6,0.18509328315239174,0.4668313955228779,5,300,400,3,0.03,0.9,0.8,1.0,0.05
train_label2_src004_02,9.112177844711965e-06,0.001781065541792721,0.9912513250945717,6.593501379401098e-05,0.0005609551899983819,0.0002639001683541386,0.00367597861137862,4.1699289110794626e-05,0.0023500332759032326,train_label2_src004_02.csv,2,2,0.9912513250945717,6,0.00367597861137862,0.9875753464831931,5,300,400,3,0.03,0.9,0.8,1.0,0.05
train_label2_src005_02,8.14695362037959e-06,9.072408581125019e-05,0.9992251011633104,0.0001020646916238606,1.4473865190001396e-05,5.727271518578643e-05,0.0001572094937415308,0.00031683383846244903,2.8165812553745265e-05,train_label2_src005_02.csv,2,2,0.9992251011633104,7,0.00031683383846244903,0.9989082673248479,5,300,400,3,0.03,0.9,0.8,1.0,0.05
train_label3_src001_04,0.0001566554883416385,0.012829851577446798,0.2650183780348524,0.6367690995678565,0.000563564776761053,0.005256488001294358,0.022006527458362016,0.05729960716162559,9.98198368051817e-05,train_label3_src001_04.csv,3,3,0.6367690995678565,2,0.2650183780348524,0.37175072153300415,5,300,400,3,0.03,0.9,0.8,1.0,0.05
train_label3_src001_06,0.00032228105973572185,0.005940878643115709,0.02909518897149121,0.6318672555849276,0.001997700041884141,0.007340702011494995,0.006390759579243354,0.3168912726299803,0.00015395376650176527,train_label3_src001_06.csv,3,3,0.6318672555849276,7,0.3168912726299803,0.31497598295494733,5,300,400,3,0.03,0.9,0.8,1.0,0.05
train_label3_src002_03,3.1595036043116674e-06,0.00018794769396184274,0.0001240921834538821,0.9984661654759479,0.0005556744503317981,0.0005410253886688596,0.00011439972685591157,6.107137189383628e-06,1.4290921482277416e-06,train_label3_src002_03.csv,3,3,0.9984661654759479,4,0.0005556744503317981,0.9979104910256161,5,300,400,3,0.03,0.9,0.8,1.0,0.05
train_label3_src002_05,7.99546889064454e-06,0.00014420533979543791,0.0011701043071669667,0.9976966118299833,0.0002895643827541398,0.000368803817881628,0.00015978456666675567,0.00016071515861885047,2.217833751259487e-06,train_label3_src002_05.csv,3,3,0.9976966118299833,2,0.0011701043071669667,0.9965265075228162,5,300,400,3,0.03,0.9,0.8,1.0,0.05
train_label3_src004_03,1.4057614696143264e-05,0.0003252999925289944,0.00024682640651008114,0.9979997745124243,0.0007946472102557108,0.00032639622650192476,0.00026352761113973615,1.0129758019042696e-05,1.933749433280149e-05,train_label3_src004_03.csv,3,3,0.9979997745124243,4,0.0007946472102557108,0.9972051273021686,5,300,400,3,0.03,0.9,0.8,1.0,0.05
train_label3_src005_03,1.3162254416079855e-05,0.000307069738052525,0.00025368298148712576,0.9979050409409308,0.0009851140558928683,0.0003071853320517387,0.0001934443809209712,1.55095568376759e-05,1.9791925268769793e-05,train_label3_src005_03.csv,3,3,0.9979050409409308,4,0.0009851140558928683,0.9969199268850379,5,300,400,3,0.03,0.9,0.8,1.0,0.05
train_label3_src005_06,1.2320203313475924e-05,0.0002772241193358035,0.00021752815745878585,0.9979706227138478,0.0008769253866874703,0.00045525173785184353,0.00017081767353335626,7.22269228928233e-06,1.2086834806390842e-05,train_label3_src005_06.csv,3,3,0.9979706227138478,4,0.0008769253866874703,0.9970936973271604,5,300,400,3,0.03,0.9,0.8,1.0,0.05
train_label4_src001_06,0.0006921584212524135,0.17949098510847938,0.06529269792560127,0.0033159410619797804,0.1365110358543774,0.11911865011713799,0.3889910839898612,0.10610397140087399,0.00048347975106118746,train_label4_src001_06.csv,4,6,0.3889910839898612,1,0.17949098510847938,0.20950009888138182,5,300,400,3,0.03,0.9,0.8,1.0,0.05
train_label4_src002_03,1.188986571608155e-05,0.0011465064067173228,0.00031266050568627826,5.1074202665110916e-05,0.9971163766358488,0.000623843312144257,0.000695453862683417,3.509240447676093e-05,7.099558843037812e-06,train_label4_src002_03.csv,4,4,0.9971163766358488,1,0.0011465064067173228,0.9959698702291315,5,300,400,3,0.03,0.9,0.8,1.0,0.05
train_label4_src003_04,3.611823516895197e-06,0.0016141784047552694,0.000209319012590699,2.7054085807986834e-05,0.996572018951498,0.0008859003702196122,0.0006505263115276873,3.2971272914085516e-05,4.4218466119937445e-06,train_label4_src003_04.csv,4,4,0.996572018951498,1,0.0016141784047552694,0.9949578405467427,5,300,400,3,0.03,0.9,0.8,1.0,0.05
train_label4_src004_02,6.757306666884844e-06,0.0012574150628830876,0.0004126763368956119,2.0906047993971745e-05,0.9968133549536428,0.0007387450228849556,0.0007230803327915329,2.0650552620105784e-05,6.4151931642251144e-06,train_label4_src004_02.csv,4,4,0.9968133549536428,1,0.0012574150628830876,0.9955559398907596,5,300,400,3,0.03,0.9,0.8,1.0,0.05
train_label4_src005_03,5.213138686202157e-05,0.0009716964634736219,0.002092856181202136,0.00014191430263278847,0.9943878516074149,0.0008358313657921708,0.0012251673839292839,0.0002459566130808095,4.659131713030733e-05,train_label4_src005_03.csv,4,4,0.9943878516074149,2,0.002092856181202136,0.9922949954262128,5,300,400,3,0.03,0.9,0.8,1.0,0.05
train_label5_src001_01,0.00018315145458688275,0.10464885399141098,0.0025893276592845508,0.012059529479614944,0.019027976796903486,0.4342373319531,0.4247426022825542,0.002191792300593118,0.0003194357673824162,train_label5_src001_01.csv,5,5,0.4342373319531,6,0.4247426022825542,0.009494729670545765,5,300,400,3,0.03,0.9,0.8,1.0,0.05
train_label5_src001_05,0.0001679553113116262,0.1463177786502857,0.013941757466083253,0.0007950490040281195,0.08899202235312181,0.6559930616008338,0.09239051414976618,0.0010829124859360834,0.00031894721751673534,train_label5_src001_05.csv,5,5,0.6559930616008338,1,0.1463177786502857,0.5096752829505481,5,300,400,3,0.03,0.9,0.8,1.0,0.05
train_label5_src002_01,0.00014121699620861159,0.07668370016855539,0.013569718369962498,0.0013394730142286418,0.04428182990523055,0.7640207928995932,0.09753259796504012,0.002120277371842906,0.00031039549270234045,train_label5_src002_01.csv,5,5,0.7640207928995932,6,0.09753259796504012,0.6664881949345531,5,300,400,3,0.03,0.9,0.8,1.0,0.05
train_label5_src003_02,0.0002878373156964963,0.21306497641583724,0.03089064244759552,0.0015526440621283898,0.1138171982536498,0.3190084687804663,0.31804354062994883,0.002956194707201243,0.00037849223191745206,train_label5_src003_02.csv,5,5,0.3190084687804663,6,0.31804354062994883,0.0009649281505174634,5,300,400,3,0.03,0.9,0.8,1.0,0.05
train_label6_src001_04,0.0009985791521787803,0.2266742264231046,0.05871271506773047,0.0020952057087122995,0.1985713522680985,0.17763729470091,0.33238682445258866,0.002381024245668443,0.0005427738847223521,train_label6_src001_04.csv,6,6,0.33238682445258866,1,0.2266742264231046,0.10571259802948405,5,300,400,3,0.03,0.9,0.8,1.0,0.05
train_label6_src002_01,0.0007205251389951695,0.2195242484731059,0.04010152803753973,0.0026156582822021777,0.1778260406497265,0.06200154110919484,0.49467110754020754,0.002039992379435208,0.0004993605033759909,train_label6_src002_01.csv,6,6,0.49467110754020754,1,0.2195242484731059,0.2751468590671017,5,300,400,3,0.03,0.9,0.8,1.0,0.05
train_label6_src002_03,0.0011867587953763364,0.18929554898572223,0.035266525272320035,0.0025005011878136587,0.18937947593068563,0.24792023165832444,0.33205415580862313,0.001539137212231615,0.0008576656147206743,train_label6_src002_03.csv,6,6,0.33205415580862313,5,0.24792023165832444,0.08413392415029869,5,300,400,3,0.03,0.9,0.8,1.0,0.05
train_label6_src003_05,0.0010506800372436422,0.2368024764682657,0.05726653002502938,0.0021074448483094812,0.20261698953246557,0.18409748771227896,0.31305088577491624,0.0024408455756593055,0.0005666594511093271,train_label6_src003_05.csv,6,6,0.31305088577491624,1,0.2368024764682657,0.07624840930665056,5,300,400,3,0.03,0.9,0.8,1.0,0.05
train_label7_src001_03,0.0002482551749234253,0.016407307534683897,0.10428221782629368,0.006107196543066542,0.01266251300131121,0.09794282969725769,0.007083745867950261,0.7551430654461666,0.00012287066760285187,train_label7_src001_03.csv,7,7,0.7551430654461666,2,0.10428221782629368,0.650860847619873,5,300,400,3,0.03,0.9,0.8,1.0,0.05
train_label8_src001_05,0.0002251389339635939,0.018804046226964553,0.07074460145691598,0.008716368652629524,0.1490374542766511,0.023151924722873037,0.037512764698633,0.0004777648998232732,0.6913299370726529,train_label8_src001_05.csv,8,8,0.6913299370726529,4,0.1490374542766511,0.5422924827960018,5,300,400,3,0.03,0.9,0.8,1.0,0.05
